Filename,dnp,obaa,an,bd,rsva,saigv,uav,df,bf,osf,pitfc,da,ua,rogu,mlk,uaf,dupv,dbz,auv,fgbo,asom
ipc/glue/BackgroundChildImpl.cpp,1,0,0,0,0,0,0,0,0,0,0,0,0,0,0,0,0,0,0,0,0
netwerk/sctp/src/netinet/sctp_output.c,0,0,0,0,0,0,0,0,0,0,0,0,0,0,1,0,0,0,0,0,0
netwerk/sctp/src/user_mbuf.c,4,0,0,0,0,0,4,0,0,0,0,0,0,2,1,0,0,0,4,0,0
security/nss/lib/ssl/sslsecur.c,0,0,0,0,0,0,0,0,0,0,0,2,0,0,0,0,0,0,0,0,0
intl/icu/source/i18n/decimfmt.cpp,0,0,0,0,0,0,0,0,0,0,0,2,0,0,0,0,0,0,0,0,0
intl/icu/source/common/locid.cpp,0,0,0,0,0,0,0,0,0,0,0,1,0,0,0,0,0,0,0,0,0
gfx/cairo/cairo/src/cairo-type1-fallback.c,0,0,0,0,0,0,1,0,0,0,0,4,0,0,0,0,1,0,0,0,0
security/nss/lib/pk11wrap/pk11pk12.c,0,0,0,0,0,0,0,0,0,0,0,3,0,0,0,0,0,0,0,0,0
security/nss/lib/certhigh/ocspsig.c,1,0,0,0,0,0,0,0,0,0,0,0,0,0,0,0,0,0,0,0,0
media/webrtc/signaling/src/sipcc/core/gsm/fsmdef.c,0,0,0,0,0,0,0,0,0,0,0,0,0,0,0,0,0,0,0,0,0
intl/icu/source/tools/genrb/reslist.c,1,0,0,0,0,0,0,0,0,0,0,0,0,0,0,0,0,0,0,0,0
layout/generic/nsFrame.cpp,0,0,0,0,0,0,0,0,0,0,0,7,0,0,0,0,0,0,0,0,0
intl/icu/source/common/usc_impl.c,0,0,0,0,0,0,0,0,0,0,0,0,0,0,0,0,0,0,0,0,0
intl/icu/source/tools/genrb/read.c,0,0,0,0,0,0,0,0,0,0,0,3,0,0,0,0,0,0,0,0,0
security/sandbox/linux/SandboxFilter.cpp,1,0,0,0,0,0,0,0,0,0,0,0,0,0,0,0,0,0,0,0,0
intl/unicharutil/util/nsUnicodeProperties.cpp,0,0,0,0,0,0,0,0,0,0,0,1,0,0,0,0,0,0,0,0,0
toolkit/components/places/nsNavHistory.cpp,0,0,0,0,0,0,0,0,0,0,0,5,0,0,0,0,0,0,0,0,0
media/mtransport/nricemediastream.cpp,1,0,0,0,0,0,0,0,0,0,0,0,0,0,0,0,0,0,0,0,0
widget/gtkxtbin/gtk2xtbin.c,1,0,0,0,0,0,0,0,0,0,0,0,0,0,0,0,0,0,0,0,0
security/nss/lib/softoken/sdb.c,0,0,0,0,0,0,0,0,0,0,0,8,0,0,0,0,0,0,0,0,0
toolkit/xre/ProfileReset.cpp,0,0,0,0,0,0,0,0,0,0,0,2,0,0,0,0,0,0,0,0,0
gfx/cairo/cairo/src/cairo-debug.c,0,0,0,0,0,0,0,0,0,0,0,1,0,0,0,0,0,0,0,0,0
media/webrtc/trunk/webrtc/modules/audio_coding/neteq/merge.c,0,0,0,0,0,0,0,0,0,0,0,2,0,0,0,0,0,0,0,0,0
browser/components/shell/nsGNOMEShellService.cpp,3,0,0,0,0,0,0,0,0,0,0,0,0,0,0,0,0,0,0,0,0
gfx/cairo/cairo/src/cairo-surface-subsurface.c,0,0,0,0,0,0,0,0,0,0,0,1,0,0,0,0,0,0,0,0,0
toolkit/xre/nsAppRunner.cpp,3,0,0,0,0,0,0,0,0,0,0,2,0,0,1,0,0,0,0,0,0
toolkit/components/places/tests/cpp/test_IHistory.cpp,3,0,0,0,0,0,0,0,0,0,0,0,0,0,0,0,0,0,0,0,0
gfx/skia/trunk/src/gpu/GrBufferAllocPool.cpp,0,0,0,0,0,0,0,0,0,0,0,1,0,0,0,0,0,0,0,0,0
security/nss/lib/libpkix/pkix_pl_nss/pki/pkix_pl_cert.c,0,0,0,0,0,0,0,0,0,0,0,1,0,0,0,0,0,0,0,0,0
js/src/jit/ValueNumbering.cpp,0,0,0,0,0,0,0,0,0,0,0,1,0,0,0,0,0,0,0,0,0
gfx/cairo/cairo/src/cairo-pdf-surface.c,0,0,0,0,0,0,2,0,0,0,0,14,0,1,0,0,0,0,0,0,0
netwerk/test/TestUpload.cpp,3,0,0,0,0,0,0,0,0,0,0,0,0,0,0,0,0,0,0,0,0
gfx/skia/trunk/src/pathops/SkOpSegment.cpp,0,0,0,0,0,0,0,0,0,0,0,0,0,0,0,0,0,0,0,0,0
netwerk/test/TestBind.cpp,1,0,0,0,0,0,0,0,0,0,0,0,0,0,0,0,0,0,0,0,0
security/nss/lib/ssl/ssl3ecc.c,0,0,0,0,0,0,0,0,0,0,0,0,0,0,0,0,0,0,0,0,0
caps/nsScriptSecurityManager.cpp,0,0,0,0,0,0,0,0,0,0,0,0,0,0,0,0,0,0,0,0,0
nsprpub/pr/src/misc/prdtoa.c,0,0,0,0,0,0,0,0,0,0,0,1,0,0,0,0,0,0,0,0,1
security/nss/lib/softoken/legacydb/lgattr.c,0,0,0,0,0,0,0,0,0,0,0,2,0,0,0,0,0,0,0,0,0
editor/txmgr/tests/TestTXMgr.cpp,3,0,0,0,0,0,0,0,0,0,0,0,0,0,0,0,0,0,0,0,0
media/webrtc/signaling/src/sipcc/core/sipstack/ccsip_pmh.c,0,0,0,0,0,0,0,0,0,0,0,4,0,0,0,0,0,0,0,0,0
gfx/thebes/gfxFontUtils.h,0,0,0,0,0,0,0,0,0,0,0,31,0,0,0,0,0,0,0,0,0
gfx/cairo/cairo/src/cairo-type3-glyph-surface.c,0,0,0,0,0,0,0,0,0,0,0,2,0,0,0,0,0,0,0,0,0
js/src/jit/BaselineBailouts.cpp,0,0,0,0,0,0,0,0,0,0,0,1,0,0,0,0,0,0,0,0,0
gfx/angle/src/compiler/translator/glslang_lex.cpp,0,0,0,0,0,0,0,0,0,0,0,0,0,0,0,0,0,0,0,0,0
memory/build/mozjemalloc_compat.c,0,0,0,0,0,0,0,0,0,0,0,0,0,0,0,0,0,0,0,0,0
dom/xul/templates/nsXULTemplateBuilder.cpp,0,0,0,0,0,0,0,0,0,0,0,1,0,0,0,0,0,0,0,0,0
media/webrtc/signaling/src/sipcc/core/sdp/sdp_token.c,0,0,0,0,0,0,0,0,0,0,0,6,0,0,0,0,0,0,0,0,0
layout/tables/nsCellMap.cpp,0,0,0,0,0,0,0,0,0,0,0,0,0,0,0,0,0,0,0,0,0
security/nss/lib/cryptohi/seckey.c,0,0,0,0,0,0,0,0,0,0,0,2,0,0,0,0,0,0,0,0,0
security/nss/lib/softoken/pkcs11u.c,0,0,0,0,0,0,0,0,0,0,0,1,0,0,0,0,0,0,0,0,0
dom/asmjscache/AsmJSCache.cpp,3,0,0,0,0,0,0,0,0,0,0,0,0,0,0,0,0,0,0,0,0
security/nss/lib/pki/tdcache.c,0,0,0,0,0,0,1,0,0,0,0,2,0,0,0,0,0,0,0,0,0
intl/icu/source/i18n/ucol.cpp,6,0,1,0,0,0,0,0,0,0,0,13,0,0,0,0,0,0,0,0,0
security/nss/lib/pk11wrap/pk11cert.c,0,0,0,0,0,0,0,0,0,0,0,3,0,0,0,0,0,0,0,0,0
xpcom/ds/nsAtomTable.cpp,0,0,0,0,0,0,0,0,0,0,0,1,0,0,0,0,0,0,0,0,0
security/nss/lib/libpkix/pkix/checker/pkix_ekuchecker.c,1,0,0,0,0,0,0,0,0,0,0,0,0,0,0,0,0,0,0,0,0
gfx/skia/trunk/src/core/SkCanvas.cpp,0,0,0,0,0,0,0,0,0,0,0,1,0,0,0,0,0,0,0,0,0
obj-x86_64-unknown-linux-gnu/accessible/xpcom/xpcAccEvents.cpp,16,0,0,0,0,0,0,0,0,0,0,0,0,0,0,0,0,0,0,0,0
security/nss/lib/base/list.c,0,0,0,0,0,0,0,0,0,0,0,2,0,0,0,0,0,0,0,0,0
memory/jemalloc/src/src/arena.c,3,0,0,0,0,0,0,0,0,0,0,1,0,6,0,0,1,0,0,0,0
embedding/components/commandhandler/nsCommandManager.cpp,0,0,0,0,0,0,0,0,0,0,0,0,0,0,0,0,0,0,0,0,0
netwerk/protocol/http/HttpChannelParent.cpp,0,0,0,0,0,0,0,0,0,0,0,1,0,0,0,0,0,0,0,0,0
toolkit/crashreporter/nsExceptionHandler.cpp,0,0,0,0,0,0,0,0,0,0,0,1,0,0,0,0,0,0,0,0,0
security/nss/lib/ssl/sslsock.c,0,0,0,0,0,0,0,0,0,0,0,0,0,0,0,0,0,0,0,0,0
security/nss/lib/libpkix/pkix/util/pkix_list.c,5,0,0,0,0,0,0,0,0,0,0,0,0,0,0,0,0,0,0,0,0
gfx/cairo/cairo/src/cairo-recording-surface.c,0,0,0,0,0,0,0,0,0,0,0,1,0,0,0,0,0,0,0,0,0
intl/icu/source/i18n/nfrule.cpp,0,0,0,0,0,0,0,0,0,0,0,0,0,0,0,0,0,0,0,0,0
media/webrtc/trunk/webrtc/modules/media_file/source/avi_file.cc,0,0,0,0,0,0,0,0,0,0,0,2,0,0,0,0,0,0,0,0,0
layout/style/StyleAnimationValue.cpp,0,0,0,0,0,0,0,0,0,0,0,2,0,0,0,0,0,0,0,0,0
layout/base/nsDocumentViewer.cpp,0,0,0,0,0,0,0,0,0,0,0,1,0,0,0,0,0,0,0,0,0
security/nss/lib/pkcs7/p7decode.c,0,0,0,0,0,0,0,0,0,0,0,3,0,0,0,0,0,0,0,0,0
security/nss/lib/freebl/ecl/ecl_gf.c,0,0,0,0,0,0,0,0,0,0,0,2,0,0,0,0,0,0,0,0,0
security/nss/lib/ssl/sslinfo.c,0,0,0,0,0,0,0,0,0,0,0,2,0,0,0,0,0,0,0,0,0
toolkit/components/perf/PerfMeasurement.cpp,3,0,0,0,0,0,0,0,0,0,0,0,0,0,0,0,0,0,0,0,0
media/mtransport/test/buffered_stun_socket_unittest.cpp,3,0,0,0,0,0,0,0,0,0,0,0,0,0,0,0,0,0,0,0,0
layout/tables/nsTableFrame.cpp,0,0,0,0,0,0,0,0,0,0,0,0,0,0,0,0,0,0,0,0,0
layout/generic/nsSubDocumentFrame.cpp,0,0,0,0,0,0,0,0,0,0,0,2,0,0,0,0,0,0,0,0,0
gfx/cairo/libpixman/src/pixman-trap.c,0,0,0,0,0,0,0,0,0,0,0,0,0,1,0,0,0,0,0,0,0
js/src/jit/CodeGenerator.cpp,0,0,0,0,0,0,0,0,0,0,0,2,0,0,0,0,0,0,0,0,0
gfx/cairo/cairo/src/cairo-pdf-operators.c,0,0,0,0,0,0,0,0,0,0,0,3,0,0,0,0,0,0,0,0,0
toolkit/components/reflect/reflect.cpp,3,0,0,0,0,0,0,0,0,0,0,0,0,0,0,0,0,0,0,0,0
toolkit/crashreporter/client/crashreporter_gtk_common.cpp,0,0,0,0,0,0,0,0,0,0,0,0,0,0,0,0,0,0,0,0,0
xpcom/ds/nsPersistentProperties.cpp,3,0,0,0,0,0,0,0,0,0,0,0,0,0,0,0,0,0,0,0,0
xpcom/tests/TestCallTemplates.cpp,1,0,0,0,0,0,0,0,0,0,0,0,0,0,0,0,0,0,0,0,0
intl/icu/source/tools/gendict/gendict.cpp,0,0,0,0,0,0,0,0,0,0,0,1,0,0,0,0,0,0,0,0,0
media/libstagefright/system/core/libutils/VectorImpl.cpp,0,0,1,0,0,0,0,0,0,0,0,0,0,0,0,0,0,0,0,0,0
netwerk/test/TestStreamLoader.cpp,3,0,0,0,0,0,0,0,0,0,0,0,0,0,0,0,0,0,0,0,0
nsprpub/pr/src/md/unix/unix.c,0,0,0,0,0,0,0,0,0,0,0,1,0,0,0,0,0,0,0,0,0
dom/base/nsFrameLoader.cpp,0,0,0,0,0,0,0,0,0,0,0,1,0,0,0,0,0,0,0,0,0
widget/gtk/nsClipboard.cpp,0,0,0,0,0,0,0,0,0,0,0,1,0,0,0,0,0,0,0,0,0
media/libvorbis/lib/vorbis_floor1.c,0,0,0,0,0,0,0,0,0,0,0,0,0,0,0,0,0,0,0,0,0
extensions/gio/nsGIOProtocolHandler.cpp,3,0,0,0,0,0,0,0,0,0,0,0,0,0,0,0,0,0,0,0,0
media/libopus/silk/NSQ_del_dec.c,0,0,0,0,0,0,0,0,0,0,0,0,0,0,0,0,0,0,1,0,0
netwerk/cache2/OldWrappers.cpp,2,0,0,0,0,0,0,0,0,0,0,0,0,0,0,0,0,0,0,0,0
dom/media/MediaDecoderStateMachine.cpp,0,0,0,0,0,0,0,0,0,0,0,0,0,0,0,0,0,0,0,0,0
security/nss/cmd/pk12util/pk12util.c,0,0,0,0,0,0,0,0,0,0,0,1,0,0,0,0,0,0,0,0,0
xpcom/components/nsComponentManager.cpp,1,0,0,0,0,0,0,0,0,0,0,0,0,0,0,0,0,0,0,0,0
extensions/spellcheck/src/mozSpellI18NManager.cpp,3,0,0,0,0,0,0,0,0,0,0,0,0,0,0,0,0,0,0,0,0
security/nss/lib/softoken/pkcs11.c,0,0,0,0,0,0,0,0,0,0,0,2,0,0,0,0,0,0,0,0,0
gfx/cairo/libpixman/src/pixman-region.c,0,0,0,0,0,0,0,0,0,0,0,2,0,0,0,0,0,0,0,0,0
media/libjpeg/jmemmgr.c,4,0,0,0,0,0,0,0,0,0,0,0,0,0,0,0,0,0,0,0,0
media/mtransport/third_party/nICEr/src/ice/ice_component.c,1,0,1,0,0,0,0,0,0,0,0,5,0,0,0,0,0,0,0,0,0
modules/brotli/dec/decode.c,0,0,0,0,0,0,0,0,0,0,0,1,0,0,0,0,0,0,0,0,0
media/libvpx/vp8/encoder/x86/quantize_sse2.c,0,0,0,0,0,0,0,0,0,0,0,0,0,0,0,0,0,0,0,0,0
media/libvpx/vp8/decoder/decodeframe.c,0,0,0,0,0,0,0,0,0,0,0,0,0,0,0,0,0,0,0,0,0
js/src/ctypes/CTypes.cpp,9,0,0,0,0,0,0,0,0,0,0,0,0,0,0,0,0,0,0,0,0
js/xpconnect/src/XPCShellImpl.cpp,0,0,0,0,0,0,0,0,0,0,0,1,0,0,0,0,0,0,0,0,0
layout/style/nsComputedDOMStyle.cpp,0,0,0,0,0,0,0,0,0,0,0,1,0,0,0,0,0,0,0,0,0
media/webrtc/trunk/webrtc/modules/audio_processing/echo_control_mobile_impl.cc,0,0,0,0,0,0,0,0,0,0,0,0,0,0,0,0,0,0,0,0,0
netwerk/test/TestBlockingSocket.cpp,0,0,0,0,0,0,0,0,0,0,0,1,0,0,0,0,0,0,0,0,0
rdf/datasource/nsFileSystemDataSource.cpp,0,0,0,0,0,0,0,0,0,0,0,1,0,0,0,0,0,0,0,0,0
gfx/cairo/cairo/src/cairo-xlib-display.c,0,0,0,0,0,0,1,0,0,0,0,0,0,0,0,0,0,0,0,0,0
intl/icu/source/common/ubidiwrt.c,8,0,0,0,0,0,0,0,0,0,0,0,0,0,0,0,0,0,0,0,0
obj-x86_64-unknown-linux-gnu/js/src/conftest.C,0,0,0,0,0,0,0,0,0,0,0,0,0,0,0,0,0,0,0,0,0
security/nss/lib/softoken/sftkpwd.c,0,0,0,0,0,0,0,0,0,0,0,3,0,0,0,0,0,0,0,0,0
dom/events/EventStateManager.cpp,7,0,0,0,0,0,0,0,0,0,0,0,0,0,0,0,0,0,0,0,0
netwerk/protocol/http/nsHttpAuthCache.cpp,3,0,0,0,0,0,0,0,0,0,0,0,0,0,0,0,0,0,0,0,0
media/libopus/silk/LPC_inv_pred_gain.c,0,0,0,0,0,0,0,0,0,0,0,0,0,1,0,0,0,0,0,0,0
intl/icu/source/tools/genrb/wrtxml.cpp,0,0,0,0,0,0,0,0,0,0,0,2,0,0,0,0,0,0,0,0,0
xpcom/base/nsStatusReporterManager.cpp,0,0,0,0,0,0,0,0,0,0,0,1,0,0,0,0,0,0,0,0,0
ipc/chromium/src/third_party/libevent/event.c,1,0,0,0,0,0,0,0,0,0,0,3,0,3,0,0,0,0,0,0,0
security/nss/lib/util/secasn1d.c,0,0,0,0,0,0,0,0,0,0,0,4,0,0,0,0,0,0,0,0,0
intl/icu/source/common/icuplug.c,0,2,0,0,0,0,0,0,0,0,0,0,0,0,0,0,0,0,0,0,0
security/nss/lib/certdb/genname.c,2,0,0,0,0,0,0,0,0,0,0,1,0,0,0,0,0,0,0,0,0
security/nss/lib/ssl/ssl3ext.c,0,0,0,0,0,0,0,0,0,0,0,9,0,0,0,0,0,0,0,0,0
media/webrtc/signaling/src/sipcc/core/gsm/gsm_sdp.c,5,0,1,0,0,0,0,0,0,0,0,4,0,0,0,0,0,0,0,0,0
dom/base/ThirdPartyUtil.cpp,0,0,0,0,0,0,0,0,0,0,0,1,0,0,0,0,0,0,0,0,0
toolkit/components/url-classifier/LookupCache.cpp,0,0,0,0,0,0,0,0,0,0,0,1,0,0,0,0,0,0,0,0,0
ipc/chromium/src/base/thread_local_posix.cc,0,0,0,0,0,0,0,0,0,0,0,0,0,0,0,0,0,0,0,0,0
intl/icu/source/tools/genrb/genrb.c,0,0,0,0,0,0,0,0,0,0,0,1,0,0,0,0,0,0,0,0,0
gfx/ots/src/hdmx.cc,0,0,0,0,0,0,0,0,0,0,0,0,0,0,0,2,0,0,0,0,0
toolkit/system/gnome/nsGSettingsService.cpp,6,0,0,0,0,0,0,0,0,0,0,0,0,0,0,0,0,0,0,0,0
media/libvorbis/lib/vorbis_lsp.c,0,0,0,0,0,0,0,0,0,0,0,1,0,0,0,0,0,0,0,0,0
dom/base/nsXMLHttpRequest.cpp,0,0,0,0,0,0,0,0,0,0,0,1,0,0,0,0,0,0,0,0,0
image/decoders/nsICODecoder.cpp,0,0,0,0,0,0,0,0,0,0,0,1,0,0,0,0,0,0,0,0,0
layout/base/nsCSSFrameConstructor.cpp,0,0,0,0,0,0,0,0,0,0,0,1,0,0,0,0,0,0,0,0,0
media/libopus/silk/NLSF2A.c,0,0,0,0,0,0,0,0,0,0,0,0,0,0,0,0,0,0,1,0,0
dom/plugins/ipc/PluginModuleChild.cpp,3,0,0,0,0,0,0,0,0,0,0,0,0,0,0,0,0,0,0,0,0
layout/xul/nsMenuFrame.cpp,0,0,0,0,0,0,0,0,0,0,0,1,0,0,0,0,0,0,0,0,0
netwerk/streamconv/converters/nsBinHexDecoder.cpp,0,0,0,0,0,0,0,0,0,0,0,1,0,0,0,0,0,0,0,0,0
security/nss/lib/freebl/aeskeywrap.c,0,0,0,0,0,0,0,0,0,0,0,0,0,0,0,0,0,0,1,0,0
obj-x86_64-unknown-linux-gnu/dom/bindings/TestCodeGenBinding.cpp,0,0,0,0,0,0,0,0,0,0,0,0,0,0,0,0,0,0,2,0,0
toolkit/components/typeaheadfind/nsTypeAheadFind.cpp,2,0,0,0,0,0,0,0,0,0,0,0,0,0,0,0,0,0,0,0,0
nsprpub/pr/src/pthreads/ptio.c,0,0,0,0,0,0,0,0,0,0,0,4,0,0,0,0,0,0,0,0,0
media/libopus/src/opus_decoder.c,0,0,0,0,0,0,0,0,0,0,0,0,2,0,0,0,0,0,0,0,0
nsprpub/lib/ds/plvrsion.c,0,0,0,0,0,0,0,0,0,0,0,2,0,0,0,0,0,0,0,0,0
build/unix/elfhack/elf.cpp,0,0,0,0,0,0,0,0,0,0,0,0,0,0,0,0,0,0,0,0,0
gfx/ycbcr/yuv_convert.cpp,0,0,0,0,0,0,0,0,0,0,0,1,0,0,0,0,0,0,0,0,0
toolkit/system/dbus/nsDBusService.cpp,3,0,0,0,0,0,0,0,0,0,0,0,0,0,0,0,0,0,0,0,0
js/src/jit/shared/CodeGenerator-x86-shared.cpp,0,0,0,0,0,0,0,0,0,0,0,0,0,0,0,0,0,0,0,0,0
layout/style/nsCSSRuleProcessor.cpp,2,0,0,0,0,0,0,0,0,0,0,0,0,0,0,0,0,0,0,0,0
media/mtransport/third_party/nICEr/src/ice/ice_media_stream.c,0,0,0,0,0,0,0,0,0,0,0,1,0,0,0,0,0,0,0,0,0
security/nss/lib/util/derenc.c,1,0,0,0,0,0,0,0,0,0,0,1,0,0,0,0,0,0,0,0,0
extensions/spellcheck/src/mozInlineSpellChecker.cpp,1,0,0,0,0,0,0,0,0,0,0,0,0,0,0,0,0,0,0,0,0
security/nss/lib/pkcs12/p12d.c,0,0,0,0,0,0,0,0,0,0,0,1,0,0,0,0,0,0,0,0,0
gfx/qcms/iccread.c,0,0,0,0,0,0,0,0,0,0,0,0,0,0,0,0,0,0,1,0,0
intl/icu/source/i18n/ucol_cnt.cpp,0,0,0,0,0,0,0,0,0,0,0,0,0,0,0,0,0,0,0,0,0
xpcom/glue/pldhash.cpp,3,0,0,0,0,0,0,0,0,0,0,0,0,0,0,0,0,0,0,0,0
memory/jemalloc/src/src/ctl.c,0,0,0,0,0,0,1,0,0,0,0,0,0,0,0,0,0,0,0,0,0
memory/replace/logalloc/replay/Replay.cpp,0,0,1,0,0,0,0,0,0,0,0,0,0,0,0,0,0,0,0,0,0
gfx/thebes/gfxPlatform.cpp,10,0,0,0,0,0,0,0,0,0,0,0,0,0,0,0,0,0,0,0,0
media/webrtc/signaling/src/mediapipeline/MediaPipeline.cpp,0,0,0,0,0,0,0,0,0,0,0,0,0,0,0,0,0,0,0,0,0
ipc/chromium/src/base/condition_variable_posix.cc,0,0,0,0,0,0,0,0,0,0,0,2,0,0,0,0,0,0,0,0,0
toolkit/mozapps/update/updater/bspatch.cpp,0,0,0,0,0,0,0,0,0,0,0,0,0,0,0,0,0,0,1,0,0
security/nss/lib/libpkix/pkix_pl_nss/module/pkix_pl_aiamgr.c,2,0,0,0,0,0,0,0,0,0,0,0,0,0,0,0,0,0,0,0,0
nsprpub/pr/src/md/unix/uxproces.c,0,0,0,0,0,0,0,0,0,0,0,3,0,0,0,0,0,0,0,0,0
security/nss/lib/libpkix/pkix_pl_nss/module/pkix_pl_ldapcertstore.c,0,0,0,0,0,0,0,0,0,0,0,0,0,0,0,0,2,0,0,0,0
gfx/cairo/cairo/src/cairo-gstate.c,0,0,0,0,0,0,0,0,0,0,0,2,0,0,0,0,0,0,0,0,0
editor/libeditor/nsHTMLAnonymousUtils.cpp,0,0,0,0,0,0,0,0,0,0,0,1,0,0,0,0,0,0,0,0,0
gfx/skia/trunk/src/core/SkAdvancedTypefaceMetrics.cpp,0,0,0,0,0,0,0,0,0,0,0,0,0,0,0,0,0,0,0,0,0
gfx/cairo/cairo/src/cairo-analysis-surface.c,0,0,0,0,0,0,0,0,0,0,0,9,0,0,0,0,0,0,0,0,0
security/nss/lib/softoken/sftkhmac.c,0,0,0,0,0,0,0,0,0,0,0,0,0,0,0,0,0,0,0,0,0
obj-x86_64-unknown-linux-gnu/conftest.C,0,0,0,0,0,0,0,0,0,0,0,0,0,0,0,0,0,0,0,0,0
toolkit/mozapps/update/tests/TestAUSHelper.cpp,0,0,0,0,0,0,0,0,0,0,0,0,0,0,1,0,0,0,0,0,0
netwerk/protocol/websocket/WebSocketChannel.cpp,1,0,0,0,0,0,0,0,0,0,0,2,0,0,0,0,0,0,0,0,0
security/nss/cmd/modutil/install.c,0,0,2,0,0,0,0,0,0,0,0,2,0,0,3,0,0,0,0,0,0
xpcom/typelib/xpt/tests/PrimitiveTest.cpp,0,0,0,0,0,0,0,0,0,0,0,0,1,0,0,0,0,0,0,0,0
media/libopus/silk/dec_API.c,0,0,0,0,0,0,2,0,0,0,0,0,1,0,0,0,0,0,0,0,0
toolkit/identity/IdentityCryptoService.cpp,2,0,0,0,0,0,0,0,0,0,0,0,0,0,0,0,0,0,0,0,0
js/src/shell/js.cpp,0,0,0,0,0,0,0,0,0,0,0,1,0,0,0,0,0,0,0,0,0
editor/libeditor/JoinElementTxn.cpp,0,0,0,0,0,0,0,0,0,0,0,1,0,0,0,0,0,0,0,0,0
xpcom/sample/program/nsTestSample.cpp,0,0,0,0,0,0,0,0,0,0,0,1,0,0,0,0,0,0,0,0,0
gfx/cairo/cairo/src/cairo-ps-surface.c,0,0,0,0,0,0,1,0,0,0,0,23,0,1,0,0,0,0,0,0,0
nsprpub/pr/src/pthreads/ptsynch.c,0,0,0,0,0,0,0,0,0,0,0,33,0,0,0,0,0,0,0,0,0
security/nss/lib/nss/nssinit.c,0,0,0,0,0,0,0,0,0,0,0,2,0,0,0,0,0,0,0,0,0
gfx/skia/trunk/src/core/SkPath.cpp,0,0,0,0,0,0,0,0,0,0,0,1,0,0,0,0,0,0,0,0,0
editor/libeditor/IMETextTxn.cpp,0,0,0,0,0,0,0,0,0,0,0,2,0,0,0,0,0,0,0,0,0
media/libjpeg/jcmaster.c,0,0,0,0,0,0,0,0,0,0,0,0,0,1,0,0,0,0,0,0,0
editor/libeditor/nsPlaintextEditor.cpp,0,0,0,0,0,0,0,0,0,0,0,2,0,0,0,0,0,0,0,0,0
media/libopus/celt/quant_bands.c,0,0,0,0,0,0,0,0,0,0,0,0,1,1,0,0,0,0,0,0,0
toolkit/components/places/nsNavBookmarks.h,0,0,0,0,0,0,0,0,0,0,0,0,0,0,0,0,0,0,0,0,0
intl/icu/source/i18n/tznames_impl.cpp,1,0,0,0,0,0,0,0,0,0,0,0,0,0,0,0,0,0,0,0,0
media/webrtc/signaling/src/sipcc/core/src-common/string_lib.c,1,0,0,0,0,0,0,0,0,0,0,0,0,0,0,0,0,0,0,0,0
gfx/src/nsDeviceContext.cpp,3,0,0,0,0,0,0,0,0,0,0,0,0,0,0,0,0,0,0,0,0
media/libvpx/vp8/common/postproc.c,0,0,0,0,0,0,0,0,0,0,0,0,0,0,0,0,0,0,1,0,0
security/nss/lib/pkcs12/p12dec.c,0,0,0,0,0,0,0,0,0,0,0,3,0,0,0,0,0,0,0,0,0
intl/icu/source/tools/genbrk/genbrk.cpp,0,0,0,0,0,0,0,0,0,0,0,2,0,0,0,0,0,0,0,0,0
media/libjpeg/jdcoefct.c,0,0,0,0,0,0,0,0,0,0,0,0,0,0,0,0,1,0,0,0,0
gfx/skia/trunk/src/opts/SkXfermode_opts_SSE2.cpp,0,0,0,0,0,0,0,0,0,0,0,0,0,0,0,0,0,0,0,0,0
media/mtransport/test/transport_unittests.cpp,1,0,0,0,0,0,0,0,0,0,0,0,0,0,0,0,0,0,0,0,0
media/webrtc/trunk/webrtc/modules/audio_coding/codecs/cng/webrtc_cng.c,0,0,0,0,0,0,0,0,0,0,0,1,0,0,0,0,0,0,0,0,2
dom/crypto/WebCryptoTask.cpp,0,0,0,0,0,0,0,0,0,0,0,1,0,0,0,0,0,0,0,0,0
js/src/jsutil.cpp,1,0,0,0,0,0,0,0,0,0,0,0,0,0,0,0,0,0,0,0,0
media/libvpx/vp8/encoder/firstpass.c,0,0,0,0,0,0,0,0,0,0,0,1,0,0,0,0,0,0,0,0,0
media/webrtc/signaling/src/sipcc/core/gsm/fim.c,0,0,0,0,0,0,0,0,0,0,0,1,0,0,0,0,0,0,0,0,0
dom/base/nsCrossSiteListenerProxy.cpp,0,0,0,0,0,0,0,0,0,0,0,2,0,0,0,0,0,0,0,0,0
security/nss/lib/libpkix/pkix_pl_nss/pki/pkix_pl_nameconstraints.c,3,0,0,0,0,0,0,0,0,0,0,0,0,0,0,0,0,0,0,0,0
js/src/asmjs/AsmJSValidate.cpp,0,0,0,0,0,0,0,0,0,0,0,0,0,0,0,0,0,0,0,0,0
intl/uconv/ucvcn/nsGBKToUnicode.cpp,0,0,0,0,0,0,0,0,0,0,0,0,0,0,0,0,0,0,0,0,0
nsprpub/pr/src/misc/prnetdb.c,0,0,0,0,0,0,0,0,0,0,0,0,0,1,0,0,0,0,0,0,0
security/nss/lib/libpkix/pkix_pl_nss/pki/pkix_pl_ocspresponse.c,1,0,0,0,0,0,0,0,0,0,0,1,0,0,0,0,0,0,0,0,0
security/manager/ssl/tests/unit/tlsserver/lib/TLSServer.cpp,0,0,0,0,0,0,0,0,0,0,0,1,0,0,0,0,0,0,0,0,0
media/libvpx/vp8/encoder/temporal_filter.c,0,0,0,0,0,0,0,0,0,0,0,1,0,0,0,0,0,0,0,0,0
security/nss/lib/dbm/src/hash.c,1,0,0,0,0,0,0,0,0,0,0,2,0,0,1,0,0,0,0,0,3
security/nss/lib/freebl/rsa.c,0,0,0,0,0,0,0,0,0,0,0,4,0,0,0,0,0,0,0,0,0
security/sandbox/linux/Sandbox.cpp,9,0,0,0,0,0,0,0,0,0,0,0,0,0,0,0,0,0,0,0,0
netwerk/cache/nsDiskCacheMap.cpp,0,0,0,0,0,0,0,0,0,0,0,1,0,0,0,0,0,0,0,0,0
media/libvpx/vp9/encoder/vp9_resize.c,0,0,0,0,0,0,0,0,0,0,0,0,0,4,0,0,0,0,0,0,0
js/src/jsobj.cpp,0,0,0,0,0,0,0,0,0,0,0,3,0,0,0,0,0,0,0,0,0
ipc/chromium/src/chrome/common/ipc_channel_posix.cc,1,0,1,0,0,0,0,0,0,0,0,0,0,0,0,0,0,0,0,0,0
js/src/jsscript.cpp,0,0,0,0,0,0,0,0,0,0,0,1,0,0,0,0,0,0,0,0,0
media/libopus/celt/celt_lpc.c,0,0,0,0,0,0,0,0,0,0,0,0,0,1,0,0,0,0,0,0,0
media/libsoundtouch/src/TDStretch.cpp,0,0,0,0,0,0,0,0,0,0,0,2,0,0,0,0,0,0,0,0,0
security/nss/lib/certdb/crl.c,1,0,0,0,0,0,0,0,0,0,0,7,0,0,0,0,0,0,0,0,0
image/decoders/icon/gtk/nsIconChannel.cpp,3,0,0,0,0,0,0,0,0,0,0,0,0,0,0,0,0,0,0,0,0
security/nss/lib/certdb/stanpcertdb.c,1,0,0,0,0,0,0,0,0,0,0,1,0,0,0,0,0,0,0,0,0
security/sandbox/chromium/sandbox/linux/seccomp-bpf/die.cc,1,0,0,0,0,0,0,0,0,0,0,0,0,0,0,0,0,0,0,0,0
gfx/2d/convolver.cpp,0,0,0,0,0,0,0,0,0,0,0,0,0,0,0,0,0,0,0,0,0
gfx/ots/src/ltsh.cc,0,0,0,0,0,0,0,0,0,0,0,0,0,0,0,1,0,0,0,0,0
layout/style/nsRuleNode.cpp,0,0,0,0,0,0,0,0,0,0,0,1,0,0,0,0,0,0,0,0,0
ipc/chromium/src/third_party/libevent/buffer.c,1,0,0,0,0,0,0,0,0,0,0,0,0,0,0,0,0,0,0,0,0
intl/locale/unix/nsCollationUnix.cpp,3,0,0,0,0,0,0,0,0,0,0,0,0,0,0,0,0,0,0,0,0
dom/base/nsObjectLoadingContent.cpp,5,0,0,0,0,0,0,0,0,0,0,0,0,0,0,0,0,0,0,0,0
security/nss/lib/libpkix/pkix/top/pkix_validate.c,1,0,0,0,0,0,0,0,0,0,0,0,0,0,0,0,0,0,0,0,0
media/libjpeg/jctrans.c,0,0,0,0,0,0,0,0,0,0,0,0,0,0,0,0,1,0,0,0,0
rdf/tests/triplescat/triplescat.cpp,3,0,0,0,0,0,0,0,0,0,0,0,0,0,0,0,0,0,0,0,0
security/nss/cmd/certutil/certext.c,0,0,0,0,0,0,0,0,0,0,0,1,0,0,0,0,0,0,0,0,0
netwerk/test/TestIncrementalDownload.cpp,3,0,0,0,0,0,0,0,0,0,0,0,0,0,0,0,0,0,0,0,0
nsprpub/pr/src/md/unix/uxrng.c,0,0,0,0,0,0,0,0,0,0,0,0,0,0,0,0,0,0,0,0,0
dom/base/nsPluginArray.cpp,4,0,0,0,0,0,0,0,0,0,0,0,0,0,0,0,0,0,0,0,0
extensions/auth/nsAuthGSSAPI.cpp,0,0,0,0,0,0,0,0,0,0,0,1,0,0,0,0,0,0,0,0,0
media/libstagefright/system/core/libutils/String16.cpp,0,0,1,0,0,0,0,0,0,0,0,0,0,0,0,0,0,0,0,0,0
security/nss/lib/libpkix/pkix_pl_nss/system/pkix_pl_lifecycle.c,0,0,0,0,0,0,0,0,0,0,0,1,0,0,0,0,0,0,0,0,0
security/nss/lib/certdb/certdb.c,0,1,0,0,0,0,0,0,0,0,0,7,0,0,0,0,0,0,0,0,0
dom/voicemail/ipc/VoicemailIPCService.cpp,4,0,0,0,0,0,0,0,0,0,0,0,0,0,0,0,0,0,0,0,0
intl/icu/source/common/ucol_swp.cpp,0,0,0,0,0,0,0,0,0,0,0,1,0,0,0,0,0,0,0,0,0
nsprpub/pr/src/misc/prtpool.c,0,0,0,0,0,0,0,0,0,0,0,5,0,0,0,0,1,0,0,0,0
dom/xul/templates/nsXULContentUtils.cpp,0,0,0,0,0,0,0,0,0,0,0,1,0,0,0,0,0,0,0,0,0
netwerk/cache/nsDeleteDir.cpp,0,0,0,0,0,0,0,0,0,0,0,1,0,0,0,0,0,0,0,0,0
security/nss/lib/crmf/cmmfchal.c,0,0,0,0,0,0,0,0,0,0,0,2,0,0,0,0,0,0,0,0,0
security/nss/lib/pkcs12/p12e.c,0,0,0,0,0,0,0,0,0,0,0,3,0,0,0,0,0,0,0,0,0
netwerk/protocol/data/nsDataChannel.cpp,0,0,0,0,0,0,0,0,0,0,0,1,0,0,0,0,0,0,0,0,0
media/mtransport/test/sockettransportservice_unittest.cpp,3,0,0,0,0,0,0,0,0,0,0,0,0,0,0,0,0,0,0,0,0
security/nss/lib/jar/jarfile.c,0,0,0,0,0,0,0,0,0,0,0,4,0,0,0,0,0,0,0,0,0
js/src/jit/Ion.cpp,0,0,0,0,0,0,0,0,0,0,0,0,0,0,0,0,0,0,0,0,0
gfx/skia/trunk/src/core/SkScan_Antihair.cpp,0,0,0,0,0,0,0,0,0,0,0,1,0,0,0,0,0,0,0,0,0
netwerk/cache2/CacheFileIOManager.cpp,1,0,0,0,0,0,0,0,0,0,0,3,0,0,0,0,0,0,0,0,0
netwerk/sctp/src/netinet/sctp_indata.c,0,0,0,0,0,0,0,0,0,0,0,0,0,0,0,1,0,0,0,0,0
media/webrtc/trunk/webrtc/modules/rtp_rtcp/source/forward_error_correction.cc,0,0,0,0,0,0,0,0,0,0,0,1,0,0,0,0,0,0,0,0,0
media/webrtc/trunk/webrtc/modules/audio_processing/noise_suppression_impl.cc,0,0,0,0,0,0,0,0,0,0,0,0,0,0,0,0,0,0,0,0,0
dom/media/raw/RawReader.cpp,0,0,0,0,0,0,0,0,0,0,0,0,0,0,0,0,0,0,0,0,0
editor/libeditor/nsWSRunObject.cpp,0,0,0,0,0,0,0,0,0,0,0,1,0,0,0,0,0,0,0,0,0
intl/icu/source/i18n/ucol_elm.cpp,1,0,0,0,0,0,0,0,0,0,0,1,0,0,0,0,0,0,0,0,0
layout/base/nsFrameManager.cpp,0,0,0,0,0,0,0,0,0,0,0,0,0,0,0,0,0,0,0,0,0
ipc/chromium/src/base/lock_impl_posix.cc,0,0,0,0,0,0,0,0,0,0,0,0,0,0,0,0,0,0,0,0,0
ipc/chromium/src/base/message_loop.h,0,0,0,0,0,0,0,0,0,0,0,0,0,0,0,0,0,0,0,0,0
gfx/skia/trunk/src/core/SkDistanceFieldGen.cpp,0,0,0,0,0,0,0,0,0,0,0,0,0,0,0,0,0,0,0,0,0
parser/xml/nsSAXXMLReader.cpp,2,0,0,0,0,0,0,0,0,0,0,0,0,0,0,0,0,0,0,0,0
toolkit/system/dbus/nsNetworkManagerListener.cpp,3,0,0,0,0,0,0,0,0,0,0,0,0,0,0,0,0,0,0,0,0
intl/icu/source/common/putil.cpp,0,0,0,0,0,0,0,0,0,0,0,1,0,0,0,0,0,0,0,0,0
security/nss/lib/libpkix/pkix_pl_nss/module/pkix_pl_pk11certstore.c,0,0,0,0,0,0,0,0,0,0,0,8,0,0,0,0,0,0,0,0,0
ipc/chromium/src/third_party/libevent/listener.c,0,0,0,0,0,0,0,0,0,0,0,0,0,0,0,0,0,0,0,0,0
js/src/builtin/RegExp.cpp,0,0,0,0,0,0,0,0,0,0,0,0,0,0,0,0,0,0,0,0,0
gfx/cairo/cairo/src/cairo-polygon.c,0,0,0,0,0,0,0,0,0,0,0,1,0,0,0,0,0,0,0,0,0
media/webrtc/trunk/webrtc/modules/audio_processing/agc/analog_agc.c,0,0,0,0,0,0,0,0,0,0,0,3,0,0,0,0,0,0,0,0,0
xpcom/base/nsDebugImpl.cpp,1,0,0,0,0,0,0,0,0,0,0,0,0,0,0,0,0,0,0,0,0
toolkit/components/places/Database.cpp,0,0,0,0,0,0,0,0,0,0,0,1,0,0,0,0,0,0,0,0,0
gfx/cairo/libpixman/src/pixman-glyph.c,0,0,0,0,0,0,0,0,0,0,0,0,0,0,0,0,0,0,0,0,0
intl/icu/source/i18n/ucol_tok.cpp,0,0,0,0,0,0,0,0,0,0,0,4,0,0,0,0,0,0,0,0,0
extensions/auth/nsHttpNegotiateAuth.cpp,3,0,0,0,0,0,0,0,0,0,0,0,0,0,0,0,0,0,0,0,0
security/nss/lib/ssl/sslauth.c,0,0,0,0,0,0,0,0,0,0,0,0,0,0,0,0,0,0,0,0,0
gfx/skia/trunk/src/core/SkUtils.cpp,0,0,0,0,0,0,0,0,0,0,0,2,0,0,0,0,0,0,0,0,0
media/webrtc/trunk/webrtc/modules/desktop_capture/differ.cc,0,0,0,0,0,0,0,0,0,0,0,0,0,0,0,0,0,0,0,0,0
intl/icu/source/common/ulist.c,0,0,0,0,0,0,0,0,0,0,0,1,0,0,0,0,0,0,0,0,0
dom/xbl/nsXBLResourceLoader.cpp,0,0,0,0,0,0,0,0,0,0,0,1,0,0,0,0,0,0,0,0,0
media/webrtc/signaling/src/sipcc/core/ccapp/sessionHash.c,0,0,0,0,0,0,0,0,0,0,0,2,0,0,0,0,0,0,0,0,0
layout/base/FrameLayerBuilder.cpp,0,0,0,0,0,0,0,0,0,0,0,0,0,0,0,0,0,0,0,0,0
media/libvpx/vp8/encoder/onyx_if.c,0,0,1,0,0,0,0,0,0,0,0,0,0,0,0,0,0,0,1,0,0
security/nss/lib/softoken/pkcs11c.c,1,0,0,0,0,0,0,0,0,0,0,5,0,0,0,0,0,0,0,0,0
intl/icu/source/i18n/islamcal.cpp,0,0,0,0,0,0,0,0,0,0,0,2,0,0,0,0,0,0,0,0,0
editor/composer/nsEditingSession.cpp,0,0,0,0,0,0,0,0,0,0,0,1,0,0,0,0,0,0,0,0,0
security/nss/lib/crmf/servget.c,0,0,0,0,0,0,0,0,0,0,0,1,0,0,0,0,0,0,0,0,0
media/webrtc/trunk/webrtc/modules/rtp_rtcp/source/rtcp_receiver.cc,0,0,0,0,0,0,0,0,0,0,0,1,0,0,0,0,0,0,0,0,0
security/manager/ssl/src/PSMContentListener.cpp,6,0,0,0,0,0,0,0,0,0,0,0,0,0,0,0,0,0,0,0,0
toolkit/system/unixproxy/nsUnixSystemProxySettings.cpp,3,0,0,0,0,0,0,0,0,0,0,0,0,0,0,0,0,0,0,0,0
extensions/spellcheck/hunspell/src/mozHunspellDirProvider.cpp,6,0,0,0,0,0,0,0,0,0,0,0,0,0,0,0,0,0,0,0,0
gfx/cairo/cairo/src/cairo-scaled-font.c,0,0,0,0,0,0,0,0,0,0,0,2,0,0,0,0,0,0,0,0,0
toolkit/components/mediasniffer/mp3sniff.c,0,0,0,0,0,0,0,0,0,0,0,1,0,0,0,0,0,0,0,0,0
netwerk/srtp/src/srtp/srtp.c,0,0,0,0,0,0,0,0,0,0,0,1,0,0,0,0,0,0,0,0,0
layout/svg/SVGTextFrame.cpp,0,0,0,0,0,0,0,0,0,0,0,0,0,0,0,0,0,0,0,0,0
netwerk/test/urltest.cpp,0,0,0,0,0,0,0,0,0,0,0,1,0,0,0,0,0,0,0,0,0
gfx/thebes/gfxASurface.cpp,3,0,0,0,0,0,0,0,0,0,0,0,0,0,0,0,0,0,0,0,0
security/nss/lib/pki/trustdomain.c,0,0,0,0,0,0,0,0,0,0,0,2,0,0,0,0,0,0,0,0,0
toolkit/components/url-classifier/HashStore.cpp,0,0,0,0,0,0,0,0,0,0,0,0,0,0,0,0,0,0,0,0,0
layout/printing/nsPrintEngine.cpp,0,0,0,0,0,0,0,0,0,0,0,1,0,0,0,0,0,0,0,0,0
dom/xul/XULDocument.cpp,0,0,0,0,0,0,0,0,0,0,0,5,0,0,0,0,0,0,0,0,0
intl/icu/source/i18n/alphaindex.cpp,1,0,0,0,0,0,0,0,0,0,0,0,0,0,0,0,0,0,0,0,0
security/nss/lib/libpkix/pkix/checker/pkix_revocationchecker.c,1,0,0,0,0,0,0,0,0,0,0,0,0,0,0,0,0,0,0,0,0
netwerk/protocol/http/nsHttpConnection.cpp,0,0,0,0,0,0,0,0,0,0,0,1,0,0,0,0,0,0,0,0,0
intl/icu/source/tools/toolutil/swapimpl.cpp,0,0,0,0,0,0,0,0,0,0,0,0,0,0,0,0,0,0,0,0,0
security/nss/lib/dev/devtoken.c,0,0,0,0,0,0,0,0,0,0,0,1,0,0,0,0,0,0,0,0,0
ipc/testshell/XPCShellEnvironment.cpp,0,0,0,0,0,0,0,0,0,0,0,1,0,0,0,0,0,0,0,0,0
gfx/cairo/cairo/src/cairo-ft-font.c,0,0,1,0,0,0,2,0,0,0,0,3,0,2,0,0,0,0,0,0,0
editor/libeditor/DeleteTextTxn.cpp,0,0,0,0,0,0,0,0,0,0,0,0,0,0,0,0,0,0,0,0,0
netwerk/cache2/CacheFileOutputStream.cpp,4,0,0,0,0,0,0,0,0,0,0,0,0,0,0,0,0,0,0,0,0
intl/unicharutil/tests/UnicharSelfTest.cpp,0,0,0,0,0,0,0,0,0,0,0,1,0,0,0,0,0,0,0,0,0
gfx/cairo/cairo/src/cairo-bentley-ottmann-rectilinear.c,0,0,0,0,0,0,1,0,0,0,0,0,0,0,0,0,0,0,0,0,0
js/xpconnect/src/XPCWrappedJSClass.cpp,0,0,0,0,0,0,0,0,0,0,0,1,0,0,0,0,0,0,0,0,0
security/nss/lib/smime/smimeutil.c,0,0,0,0,0,0,0,0,0,0,0,1,0,1,0,0,0,0,0,0,0
security/nss/lib/pki/pkibase.c,0,0,0,0,0,0,0,0,0,0,0,8,0,0,0,0,0,0,0,0,0
parser/xml/nsSAXAttributes.cpp,3,0,0,0,0,0,0,0,0,0,0,0,0,0,0,0,0,0,0,0,0
modules/libbz2/src/bzlib.c,0,0,0,0,0,0,0,0,0,0,0,1,0,0,0,0,0,0,0,0,0
media/webrtc/trunk/webrtc/modules/audio_coding/codecs/g722/g722_interface.c,0,0,0,0,0,0,0,0,0,0,0,0,0,0,0,0,0,0,0,0,2
dom/xul/templates/nsRDFPropertyTestNode.cpp,0,0,0,0,0,0,0,0,0,0,0,1,0,0,0,0,0,0,0,0,0
parser/expat/lib/xmlparse.c,1,0,0,0,0,0,0,0,0,0,0,0,0,0,0,0,0,0,0,0,0
toolkit/components/statusfilter/nsBrowserStatusFilter.cpp,3,0,0,0,0,0,0,0,0,0,0,0,0,0,0,0,0,0,0,0,0
intl/icu/source/common/loclikely.cpp,0,0,0,0,0,0,0,0,0,0,0,1,0,0,0,0,0,0,0,0,0
security/nss/lib/pk11wrap/pk11obj.c,0,0,0,0,0,0,0,0,0,0,0,2,0,0,0,0,0,0,0,0,0
security/certverifier/NSSCertDBTrustDomain.cpp,0,0,0,0,0,0,0,0,0,0,0,1,0,0,0,0,0,0,0,0,0
security/nss/lib/libpkix/pkix_pl_nss/pki/pkix_pl_publickey.c,0,0,0,0,0,0,0,0,0,0,0,1,0,0,0,0,0,0,0,0,0
memory/mozjemalloc/jemalloc.c,1,0,0,0,0,0,0,0,0,0,0,5,0,10,0,0,0,0,0,0,0
media/webrtc/signaling/src/sipcc/core/gsm/lsm.c,3,0,0,0,0,0,0,0,0,0,0,4,0,0,0,0,0,0,0,0,0
media/libvpx/vp8/vp8_cx_iface.c,0,0,0,0,0,0,0,0,0,0,0,1,0,0,0,0,0,0,0,0,0
security/manager/ssl/src/nsCryptoHash.cpp,6,0,0,0,0,0,0,0,0,0,0,0,0,0,0,0,0,0,0,0,0
dom/base/nsLocation.cpp,0,0,0,0,0,0,0,0,0,0,0,4,0,0,0,0,0,0,0,0,0
xpcom/tests/nsIFileEnumerator.cpp,0,0,0,0,0,0,0,0,0,0,0,1,0,0,0,0,0,0,0,0,0
media/webrtc/signaling/src/sipcc/core/sipstack/ccsip_messaging.c,0,0,0,0,0,0,0,0,0,0,0,3,0,0,0,0,0,0,0,0,0
security/nss/lib/pk11wrap/pk11util.c,2,0,0,0,0,0,0,0,0,0,0,1,0,0,0,0,0,0,0,0,0
netwerk/cache/nsCacheService.cpp,0,0,0,0,0,0,0,0,0,0,0,2,0,0,0,0,0,0,0,0,0
netwerk/sctp/src/netinet/sctputil.c,5,0,0,0,0,0,0,0,0,0,0,0,0,0,0,0,0,0,0,0,0
media/libstagefright/frameworks/av/media/libstagefright/MPEG4Extractor.cpp,0,0,0,0,0,0,0,0,0,0,0,7,0,0,0,0,0,0,0,0,0
toolkit/profile/nsToolkitProfileService.cpp,0,0,0,0,0,0,0,0,0,0,0,3,0,0,0,0,0,0,0,0,0
dom/xul/templates/nsXULContentBuilder.cpp,0,0,0,0,0,0,0,0,0,0,0,4,0,0,0,0,0,0,0,0,0
security/nss/lib/freebl/loader.c,0,0,0,0,0,0,0,0,0,0,0,1,0,0,0,0,0,0,0,0,0
media/mtransport/nr_socket_prsock.cpp,2,0,0,0,0,0,0,0,0,0,0,0,0,0,0,0,0,0,0,0,0
uriloader/prefetch/nsOfflineCacheUpdate.cpp,0,0,0,0,0,0,0,0,0,0,0,2,0,0,0,0,0,0,0,0,0
gfx/cairo/cairo/src/cairo-cff-subset.c,0,0,0,0,0,0,1,0,0,0,0,8,0,0,0,0,0,0,0,0,0
security/nss/cmd/certutil/certutil.c,0,0,0,0,0,0,0,0,0,0,0,2,0,0,0,0,0,0,0,0,0
xpcom/tests/TestJemalloc.cpp,0,0,0,0,0,0,0,0,0,0,0,0,1,0,0,0,0,0,0,0,0
intl/icu/source/i18n/ucol_sit.cpp,1,0,2,0,0,0,0,0,0,0,0,0,0,0,0,0,0,0,0,0,0
media/webrtc/signaling/src/sipcc/core/sipstack/sip_common_transport.c,0,0,0,0,0,0,0,0,0,0,0,1,0,1,0,0,0,0,0,0,0
js/xpconnect/wrappers/WrapperFactory.cpp,0,0,0,0,0,0,0,0,0,0,0,1,0,0,0,0,0,0,0,0,0
js/src/jit/ExecutableAllocatorPosix.cpp,1,0,0,0,0,0,0,0,0,0,0,0,0,0,0,0,0,0,0,0,0
nsprpub/pr/src/io/prlayer.c,0,0,0,0,0,0,0,0,0,0,0,2,0,0,0,0,0,0,0,0,0
gfx/skia/trunk/src/ports/SkFontHost_FreeType.cpp,0,0,0,0,0,0,0,0,0,0,0,1,0,0,0,0,0,0,0,0,0
modules/libjar/nsJARChannel.cpp,0,0,0,0,0,0,0,0,0,0,0,1,0,0,0,0,0,0,0,0,0
db/sqlite3/src/sqlite3.c,21,0,5,0,0,0,0,0,0,0,0,1,0,1,0,0,0,0,1,0,0
netwerk/protocol/http/nsHttpHandler.cpp,0,0,0,0,0,0,0,0,0,0,0,0,0,0,0,0,0,0,0,0,0
netwerk/cache2/CacheIndex.cpp,8,0,0,0,0,0,0,0,0,0,0,3,0,0,0,0,0,0,0,0,0
media/webrtc/trunk/webrtc/modules/audio_processing/gain_control_impl.cc,0,0,0,0,0,0,0,0,0,0,0,0,0,0,0,0,0,0,0,0,0
modules/libmar/src/mar_create.c,0,0,0,0,0,0,0,0,0,0,0,0,0,0,1,0,0,0,0,0,0
media/webrtc/trunk/webrtc/modules/rtp_rtcp/source/rtcp_utility.cc,0,0,0,0,0,0,0,0,0,0,0,1,0,0,0,0,0,0,0,0,0
config/nsinstall.c,0,0,0,0,0,0,1,0,0,0,0,1,0,0,0,0,0,0,0,0,0
media/webrtc/trunk/webrtc/modules/audio_processing/high_pass_filter_impl.cc,0,0,0,0,0,0,0,0,0,0,0,0,0,0,0,0,0,0,0,0,0
intl/icu/source/common/uresbund.cpp,0,0,0,0,0,0,2,0,0,0,0,0,0,0,0,0,0,0,0,0,0
security/manager/ssl/src/nsNSSASN1Object.cpp,0,0,0,0,0,0,0,0,0,0,0,1,0,0,0,0,0,0,0,0,0
js/ductwork/debugger/JSDebugger.cpp,3,0,0,0,0,0,0,0,0,0,0,0,0,0,0,0,0,0,0,0,0
security/nss/lib/crmf/crmfcont.c,0,0,0,0,0,0,0,0,0,0,0,1,0,0,0,0,0,0,0,0,0
security/nss/lib/softoken/lowpbe.c,0,0,0,0,0,0,0,0,0,0,0,1,0,0,0,0,0,0,0,0,0
xpcom/io/nsMultiplexInputStream.cpp,0,0,0,0,0,0,0,0,0,0,0,2,0,0,0,0,0,0,0,0,0
media/webrtc/signaling/src/sipcc/core/sipstack/ccsip_register.c,0,0,0,0,0,0,0,0,0,0,0,1,0,0,0,0,0,0,0,0,0
security/nss/lib/crmf/crmfpop.c,0,0,0,0,0,0,0,0,0,0,0,1,0,0,0,0,0,0,0,0,0
security/nss/lib/ckfw/builtins/binst.c,0,0,0,0,0,0,0,0,0,0,0,1,0,0,0,0,0,0,0,0,0
layout/xul/nsSplitterFrame.cpp,0,0,0,0,0,0,0,0,0,0,0,1,0,0,0,0,0,0,0,0,0
browser/components/feeds/nsFeedSniffer.cpp,3,0,0,0,0,0,0,0,0,0,0,0,0,0,0,0,0,0,0,0,0
netwerk/sctp/src/user_socket.c,0,0,0,0,0,0,2,0,0,0,0,0,0,0,1,0,0,0,0,0,0
media/libnestegg/src/nestegg.c,0,0,0,0,0,0,0,0,0,0,0,2,0,0,0,0,0,0,0,0,0
modules/libjar/nsJAR.cpp,1,0,0,0,0,0,0,0,0,0,0,0,0,0,0,0,0,0,0,0,0
security/nss/lib/softoken/legacydb/keydb.c,0,0,1,0,0,0,0,0,0,0,0,11,0,0,0,0,0,0,0,0,0
extensions/cookie/nsPermissionManager.cpp,0,0,0,0,0,0,0,0,0,0,0,1,0,0,0,0,0,0,0,0,0
netwerk/cache2/CacheFileMetadata.cpp,4,0,0,0,0,0,0,0,0,0,0,0,0,0,0,0,0,0,0,0,0
security/nss/lib/libpkix/pkix_pl_nss/system/pkix_pl_oid.c,0,0,0,0,0,0,0,0,0,0,0,0,0,1,0,0,0,0,0,0,0
dom/audiochannel/tests/TestAudioChannelService.cpp,1,0,0,0,0,0,0,0,0,0,0,0,0,0,0,0,0,0,0,0,0
toolkit/components/terminator/nsTerminator.cpp,4,0,0,0,0,0,0,0,0,0,0,0,0,0,0,0,0,0,0,0,0
layout/generic/nsSelection.cpp,0,0,0,0,0,0,0,0,0,0,0,0,0,0,0,0,0,0,0,0,0
startupcache/StartupCache.cpp,0,0,0,0,0,0,0,0,0,0,0,1,0,0,0,0,0,0,0,0,0
dom/xslt/xslt/txPatternParser.cpp,0,0,0,0,0,0,0,0,0,0,0,2,0,0,0,0,0,0,0,0,0
docshell/shistory/src/nsSHistory.cpp,0,0,0,0,0,0,0,0,0,0,0,1,0,0,0,0,0,0,0,0,0
security/nss/lib/ckfw/mechanism.c,0,0,0,0,0,0,0,0,0,0,0,0,0,0,0,0,0,0,0,0,0
dom/base/nsContentUtils.cpp,7,0,0,0,0,0,0,0,0,0,0,0,0,0,0,0,0,0,0,0,0
layout/xul/grid/nsGridRowGroupLayout.cpp,0,0,0,0,0,0,0,0,0,0,0,2,0,0,0,0,0,0,0,0,0
gfx/cairo/cairo/src/cairo-spans.c,0,0,0,0,0,0,0,0,0,0,0,2,0,0,0,0,0,0,0,0,0
security/nss/lib/util/quickder.c,0,0,0,0,0,0,0,0,0,0,0,1,0,0,0,0,0,0,0,0,0
security/nss/lib/certdb/secname.c,1,0,0,0,0,0,0,0,0,0,0,0,0,0,0,0,0,0,0,0,0
security/nss/lib/freebl/ldvector.c,0,0,0,0,0,0,0,0,0,0,0,1,0,0,0,0,0,0,0,0,0
security/nss/lib/smime/cmsencode.c,0,0,0,0,0,0,0,0,0,0,0,3,0,0,0,0,0,0,0,0,0
dom/html/nsHTMLDocument.cpp,0,0,0,0,0,0,0,0,0,0,0,1,0,0,0,0,0,0,0,0,0
parser/expat/lib/xmltok.c,0,0,0,0,0,0,0,0,0,0,0,0,0,0,0,0,0,0,1,0,0
xpcom/ds/nsSupportsArray.cpp,0,0,0,0,0,0,0,0,0,0,0,1,0,0,0,0,0,0,0,0,0
media/webrtc/trunk/webrtc/modules/audio_processing/utility/delay_estimator_wrapper.c,0,0,0,0,0,0,0,0,0,0,0,0,0,0,0,0,0,0,0,0,1
embedding/components/appstartup/nsAppStartupNotifier.cpp,3,0,0,0,0,0,0,0,0,0,0,0,0,0,0,0,0,0,0,0,0
media/libopus/silk/float/prefilter_FLP.c,0,0,0,0,0,0,0,0,0,0,0,0,0,1,0,0,0,0,0,0,0
xpfe/components/windowds/nsWindowDataSource.cpp,2,0,0,0,0,0,0,0,0,0,0,0,0,0,0,0,0,0,0,0,0
intl/icu/source/tools/gencfu/gencfu.cpp,0,0,0,0,0,0,0,0,0,0,0,3,0,0,0,0,0,0,0,0,0
security/nss/lib/libpkix/pkix_pl_nss/module/pkix_pl_httpdefaultclient.c,0,0,0,0,0,0,0,0,0,0,0,2,0,0,0,0,0,0,0,0,0
media/webrtc/trunk/webrtc/modules/audio_coding/neteq/recout.c,0,0,0,0,0,0,0,0,0,0,0,1,0,0,0,0,0,0,0,0,0
image/encoders/bmp/nsBMPEncoder.cpp,4,0,0,0,0,0,0,0,0,0,0,0,0,0,0,0,0,0,0,0,0
media/libjpeg/jcparam.c,0,0,0,0,0,0,0,0,0,0,0,2,0,0,0,0,0,0,0,0,0
media/mtransport/transportflow.cpp,1,0,0,0,0,0,0,0,0,0,0,0,0,0,0,0,0,0,0,0,0
widget/xremoteclient/XRemoteClient.cpp,0,0,0,0,0,0,0,0,0,0,0,3,0,0,0,0,0,0,0,0,0
security/nss/lib/dbm/src/mktemp.c,0,0,0,0,0,1,0,0,0,0,0,0,0,0,0,0,0,0,0,0,0
media/libjpeg/jquant1.c,0,0,0,0,0,0,0,0,0,0,0,0,0,0,0,0,0,0,0,0,0
storage/test/test_async_callbacks_with_spun_event_loops.cpp,3,0,0,0,0,0,0,0,0,0,0,0,0,0,0,0,0,0,0,0,0
gfx/cairo/cairo/src/cairo-output-stream.c,0,0,0,0,0,0,0,0,0,0,0,1,0,0,0,0,0,0,0,0,0
dom/canvas/CanvasRenderingContext2D.cpp,0,0,0,0,0,0,0,0,0,0,0,1,0,0,0,0,0,0,0,0,0
security/nss/lib/dbm/src/hash_buf.c,0,0,0,0,0,0,0,0,0,0,0,0,0,0,0,1,0,0,0,0,0
memory/build/jemalloc_config.c,2,0,0,0,0,0,0,0,0,0,0,0,0,0,0,0,0,0,0,0,0
security/nss/lib/softoken/legacydb/lowcert.c,0,0,0,0,0,0,0,0,0,0,0,3,0,0,0,0,0,0,0,0,0
toolkit/xre/ProfileReset.h,0,0,0,0,0,0,0,0,0,0,0,1,0,0,0,0,0,0,0,0,0
gfx/thebes/gfxFontUtils.cpp,0,0,0,0,0,0,0,0,0,0,0,0,0,0,0,0,0,0,0,0,0
gfx/skia/trunk/src/core/SkDraw.cpp,0,0,0,0,0,0,0,0,0,0,0,1,0,0,0,0,0,0,0,0,0
security/nss/lib/ssl/dtlscon.c,0,0,0,0,0,0,0,0,0,0,0,1,0,0,0,0,0,0,0,0,0
security/manager/ssl/src/nsNSSIOLayer.cpp,0,0,0,0,0,0,0,0,0,0,0,1,0,0,0,0,0,0,0,0,0
security/nss/lib/pk11wrap/pk11mech.c,0,0,1,0,0,0,0,0,0,0,0,0,0,0,0,0,0,0,0,0,0
dom/xbl/nsXBLPrototypeHandler.cpp,0,0,0,0,0,0,0,0,0,0,0,0,0,0,0,0,0,0,0,0,0
media/webrtc/signaling/src/sipcc/core/sipstack/ccsip_core.c,0,0,0,0,0,0,0,0,0,0,0,1,0,0,0,0,0,0,0,0,0
netwerk/cache2/CacheStorageService.cpp,2,0,0,0,0,0,0,0,0,0,0,1,0,0,0,0,0,0,0,0,0
dom/ipc/Blob.cpp,12,0,0,0,0,0,0,0,0,0,0,0,0,0,0,0,0,0,0,0,0
xpcom/components/nsCategoryManager.cpp,3,0,0,0,0,0,0,0,0,0,0,0,0,0,0,0,0,0,0,0,0
image/src/imgLoader.cpp,12,0,0,0,0,0,0,0,0,0,0,0,0,0,0,0,0,0,0,0,0
modules/libmar/src/mar_read.c,0,0,0,0,0,0,0,0,0,0,0,0,0,0,0,0,0,0,0,0,0
gfx/cairo/cairo/src/cairo-toy-font-face.c,0,0,0,0,0,0,0,0,0,0,0,1,0,0,0,0,0,0,0,0,0
netwerk/protocol/wyciwyg/WyciwygChannelParent.cpp,3,0,0,0,0,0,0,0,0,0,0,0,0,0,0,0,0,0,0,0,0
media/libvpx/vp8/common/mfqe.c,0,0,0,0,0,0,0,0,0,0,0,6,0,0,0,0,0,0,0,0,0
xpcom/glue/nsQuickSort.cpp,0,0,0,0,0,0,0,0,0,0,0,0,0,0,0,0,0,0,0,0,0
media/webrtc/signaling/test/mediapipeline_unittest.cpp,0,0,0,0,0,0,0,0,0,0,0,0,0,0,0,0,0,0,0,0,0
gfx/cairo/cairo/src/cairo-type1-subset.c,0,0,0,0,0,0,0,0,0,0,0,2,0,1,0,0,0,0,0,0,0
chrome/nsChromeRegistryChrome.cpp,0,0,0,0,0,0,0,0,0,0,0,3,0,0,0,0,0,0,0,0,0
security/nss/lib/ckfw/token.c,0,0,0,0,0,0,0,0,0,0,0,2,0,0,0,0,0,0,0,0,0
xpcom/tests/TestThreadUtils.cpp,2,0,0,0,0,0,0,0,0,0,0,0,0,0,0,0,0,0,0,0,0
netwerk/base/src/nsInputStreamPump.cpp,0,0,0,0,0,0,0,0,0,0,0,1,0,0,0,0,0,0,0,0,0
security/nss/lib/pki/certificate.c,0,0,0,0,0,0,0,0,0,0,0,1,0,0,0,0,0,0,0,0,0
editor/libeditor/ChangeStyleTxn.cpp,0,0,0,0,0,0,0,0,0,0,0,0,0,0,0,0,0,0,0,0,0
intl/icu/source/i18n/zonemeta.cpp,0,0,0,0,0,0,0,0,0,0,0,2,0,0,0,0,0,0,0,0,0
gfx/cairo/libpixman/src/pixman-bits-image.c,0,0,0,0,0,0,0,0,0,0,0,0,0,0,0,0,0,0,0,0,0
gfx/cairo/cairo/src/cairo-truetype-subset.c,0,0,0,0,0,0,0,0,0,0,0,2,0,0,2,0,0,0,0,0,0
intl/icu/source/i18n/unum.cpp,0,0,2,0,0,0,0,0,0,0,0,0,0,0,0,0,0,0,0,0,0
dom/events/ContentEventHandler.cpp,0,0,0,0,0,0,0,0,0,0,0,2,0,0,0,0,0,0,0,0,0
security/nss/lib/softoken/legacydb/pcertdb.c,0,0,1,0,0,0,0,0,0,0,0,21,0,0,0,0,0,0,0,0,0
media/libjpeg/jcmarker.c,1,0,0,0,0,0,0,0,0,0,0,0,0,0,0,0,0,0,0,0,0
gfx/cairo/cairo/src/cairo-scaled-font-subsets.c,0,0,0,0,0,0,0,0,0,0,0,1,0,0,0,0,0,0,0,0,0
accessible/ipc/DocAccessibleParent.cpp,0,0,0,0,0,0,0,0,0,0,0,0,0,0,0,0,0,0,0,0,0
js/xpconnect/src/XPCLocale.cpp,0,0,0,0,0,0,0,0,0,0,0,1,0,0,0,0,0,0,0,0,0
toolkit/xre/nsXREDirProvider.cpp,0,0,0,0,0,0,0,0,0,0,0,2,0,0,0,0,0,0,0,0,0
gfx/cairo/cairo/src/cairo-device.c,0,0,0,0,0,0,0,0,0,0,0,1,0,0,0,0,0,0,0,0,0
security/nss/lib/libpkix/pkix/top/pkix_build.c,1,0,0,0,0,0,0,0,0,0,0,0,0,0,0,0,0,0,0,0,0
dom/xul/nsXULPrototypeCache.cpp,0,0,0,0,0,0,0,0,0,0,0,1,0,0,0,0,0,0,0,0,0
gfx/ots/src/woff2.cc,0,0,0,0,0,0,0,0,0,0,0,1,0,0,0,0,0,0,0,0,0
security/manager/ssl/src/nsNSSCertHelper.cpp,0,0,0,0,0,0,0,0,0,0,0,3,0,0,0,0,0,0,0,0,0
xpfe/components/directory/nsDirectoryViewer.cpp,5,0,0,0,0,0,0,0,0,0,0,2,0,0,0,0,0,0,0,0,0
js/src/asmjs/AsmJSModule.cpp,0,0,0,0,0,0,0,0,0,0,0,1,0,0,0,0,0,0,0,0,0
netwerk/protocol/http/nsHttpChannelAuthProvider.cpp,3,0,0,0,0,0,0,0,0,0,0,0,0,0,0,0,0,0,0,0,0
gfx/cairo/libpixman/src/pixman-fast-path.c,0,0,0,0,0,0,0,0,0,0,0,0,0,0,0,0,0,0,6,0,0
media/webrtc/signaling/src/sipcc/core/gsm/fsmb2bcnf.c,0,0,0,0,0,0,0,0,0,0,0,1,0,0,0,0,0,0,0,0,0
security/nss/cmd/certutil/keystuff.c,0,0,0,0,0,0,0,0,0,0,0,2,0,0,0,0,0,0,0,0,0
media/libopus/src/analysis.c,0,0,0,0,0,0,0,0,0,0,0,1,0,0,0,0,0,0,0,0,0
security/nss/lib/ssl/ssl3con.c,0,0,5,0,0,0,1,0,0,0,0,12,0,0,0,0,0,0,0,0,0
gfx/cairo/cairo/src/cairo-xlib-surface.c,2,0,0,0,0,0,0,0,0,0,0,19,0,1,0,0,0,0,0,0,0
nsprpub/pr/src/misc/prtime.c,0,0,0,0,0,0,0,0,0,0,0,1,0,1,0,0,0,0,0,0,0
gfx/cairo/cairo/src/cairo-surface.c,0,0,0,0,0,0,0,0,0,0,0,23,0,0,0,0,0,0,0,0,0
netwerk/streamconv/converters/ParseFTPList.cpp,0,0,0,0,0,0,0,0,0,0,0,1,0,0,0,0,0,0,0,0,0
gfx/cairo/libpixman/src/pixman-sse2.c,0,0,0,0,0,0,1,0,0,0,0,0,0,0,0,0,0,0,10,0,0
xpcom/glue/nsVoidArray.cpp,2,0,0,0,0,0,0,0,0,0,0,2,0,0,0,0,0,0,0,0,0
ipc/chromium/src/base/histogram.cc,0,0,0,0,0,0,0,0,0,0,0,0,0,0,0,0,0,0,0,0,0
intl/icu/source/tools/pkgdata/pkgdata.cpp,0,2,0,0,0,0,0,0,0,0,0,0,0,0,0,0,0,0,0,0,0
security/nss/lib/freebl/mpi/mpi.c,0,0,0,0,0,0,0,0,0,0,0,0,0,2,0,0,0,0,1,0,0
security/nss/lib/softoken/sftkdb.c,0,0,0,0,0,0,0,0,0,0,0,3,0,0,0,0,0,0,0,0,0
extensions/spellcheck/hunspell/src/hunspell.cxx,1,0,0,0,0,0,0,0,0,0,0,1,0,0,0,0,0,0,0,0,0
editor/composer/nsComposerCommands.cpp,0,0,0,0,0,0,0,0,0,0,0,1,0,0,0,0,0,0,0,0,0
dom/base/nsTreeSanitizer.cpp,0,0,0,0,0,0,0,0,0,0,0,1,0,0,0,0,0,0,0,0,0
widget/gtk/nsWindow.cpp,1,0,0,0,0,0,0,0,0,0,0,0,0,0,0,0,0,0,0,0,0
media/webrtc/signaling/src/sipcc/core/sipstack/ccsip_callinfo.c,0,0,0,0,0,0,0,0,0,0,0,1,0,0,0,0,0,0,0,0,0
security/nss/cmd/lib/basicutil.c,1,0,0,0,0,0,0,0,0,0,0,0,0,0,0,0,0,0,1,0,0
layout/generic/nsBlockFrame.cpp,0,0,0,0,0,0,0,0,0,0,0,1,0,0,0,0,0,0,0,0,0
netwerk/protocol/app/AppProtocolHandler.cpp,3,0,0,0,0,0,0,0,0,0,0,0,0,0,0,0,0,0,0,0,0
extensions/spellcheck/hunspell/src/affixmgr.cxx,0,0,0,0,0,0,0,0,0,0,0,4,0,0,0,0,0,0,0,0,0
media/webrtc/signaling/test/signaling_unittests.cpp,1,0,0,0,0,0,0,0,0,0,0,0,0,0,0,0,0,0,0,0,0
toolkit/components/filepicker/nsFileView.cpp,7,0,0,0,0,0,0,0,0,0,0,0,0,0,0,0,0,0,0,0,0
media/libjpeg/jccoefct.c,0,0,0,0,0,0,0,0,0,0,0,0,0,0,0,0,1,0,0,0,0
media/libopus/silk/float/solve_LS_FLP.c,0,0,0,0,0,0,0,0,0,0,0,0,0,3,0,0,0,0,0,0,0
media/webrtc/signaling/src/sipcc/core/sdp/sdp_base64.c,0,0,0,0,0,0,0,0,0,0,0,0,0,0,0,0,0,0,0,0,0
security/nss/lib/util/secasn1e.c,0,0,0,0,0,0,0,0,0,0,0,4,0,0,0,0,0,0,0,0,0
extensions/spellcheck/src/mozEnglishWordUtils.cpp,2,0,0,0,0,0,0,0,0,0,0,1,0,0,0,0,0,0,0,0,0
intl/icu/source/tools/makeconv/gencnvex.c,0,0,0,0,0,0,0,0,0,0,0,1,0,0,0,0,0,0,0,0,0
rdf/tests/rdfpoll/rdfpoll.cpp,3,0,0,0,0,0,0,0,0,0,0,0,0,0,0,0,0,0,0,0,0
parser/xml/nsSAXLocator.cpp,3,0,0,0,0,0,0,0,0,0,0,0,0,0,0,0,0,0,0,0,0
netwerk/base/src/nsRequestObserverProxy.cpp,0,0,0,0,0,0,0,0,0,0,0,1,0,0,0,0,0,0,0,0,0
intl/icu/source/i18n/smpdtfmt.cpp,0,0,0,0,0,0,0,0,0,0,0,21,0,0,0,0,0,0,0,0,0
image/src/imgRequestProxy.cpp,1,0,0,0,0,0,0,0,0,0,0,0,0,0,0,0,0,0,0,0,0
media/libvpx/vp8/decoder/error_concealment.c,0,0,0,0,0,0,0,0,0,0,0,0,0,0,0,0,0,0,0,0,0
gfx/skia/trunk/src/pathops/SkOpContour.cpp,0,0,0,0,0,0,0,0,0,0,0,0,0,0,0,0,0,0,0,0,0
gfx/thebes/gfxFont.cpp,0,0,0,0,0,0,0,0,0,0,0,0,0,0,0,0,0,0,0,0,0
intl/icu/source/common/normalizer2impl.cpp,0,0,0,0,0,0,0,0,0,0,0,2,0,0,0,0,0,0,0,0,0
ipc/chromium/src/third_party/libevent/http.c,1,0,0,0,0,0,0,0,0,0,0,0,0,0,0,0,0,0,0,0,0
intl/icu/source/tools/gensprep/gensprep.c,0,0,0,0,0,0,0,0,0,0,0,4,0,0,0,0,0,0,0,0,0
media/webrtc/trunk/webrtc/voice_engine/voe_base_impl.cc,0,0,0,0,0,0,0,0,0,0,0,0,0,0,0,0,0,0,0,0,0
media/webrtc/trunk/webrtc/video_engine/browser_capture_impl.h,0,0,0,0,0,0,0,0,0,0,0,3,0,0,0,0,0,0,0,0,0
security/nss/lib/libpkix/pkix_pl_nss/pki/pkix_pl_infoaccess.c,2,0,0,0,0,0,0,0,0,0,0,0,0,0,0,0,0,0,0,0,0
ipc/glue/URIUtils.cpp,7,0,0,0,0,0,0,0,0,0,0,0,0,0,0,0,0,0,0,0,0
security/nss/lib/softoken/jpakesftk.c,0,0,2,0,0,0,0,0,0,0,0,3,0,0,0,0,0,0,0,0,0
dom/media/ogg/OggReader.cpp,0,0,0,0,0,0,0,0,0,0,0,2,0,0,0,0,0,0,0,0,0
toolkit/components/finalizationwitness/FinalizationWitnessService.cpp,3,0,0,0,0,0,0,0,0,0,0,0,0,0,0,0,0,0,0,0,0
gfx/skia/trunk/src/core/SkConvolver.cpp,0,0,0,0,0,0,0,0,0,0,0,0,0,0,0,0,0,0,0,0,0
media/webrtc/signaling/src/sipcc/core/sipstack/sip_common_regmgr.c,0,0,0,0,0,0,0,0,0,0,0,1,0,0,0,0,0,0,0,0,0
toolkit/components/satchel/nsFormFillController.cpp,2,0,0,0,0,0,0,0,0,0,0,0,0,0,0,0,0,0,0,0,0
media/libopus/silk/float/schur_FLP.c,0,0,0,0,0,0,0,0,0,0,0,0,0,1,0,0,0,0,0,0,0
gfx/skia/trunk/src/core/SkScan_AntiPath.cpp,0,0,0,0,0,0,0,0,0,0,0,1,0,0,0,0,0,0,0,0,0
memory/jemalloc/src/src/extent.c,2,0,0,0,0,0,0,0,0,0,0,0,0,4,0,0,1,0,0,0,0
dom/media/compiledtest/TestAudioMixer.cpp,1,0,0,0,0,0,0,0,0,0,0,0,0,0,0,0,0,0,0,0,0
media/libvpx/vp9/decoder/vp9_dthread.c,0,0,2,0,0,0,0,0,0,0,0,0,0,0,0,0,0,0,0,0,0
media/mtransport/third_party/nICEr/src/stun/stun_codec.c,0,0,0,0,0,0,0,0,0,0,0,3,0,0,0,0,0,0,0,0,0
intl/icu/source/i18n/decNumber.c,0,0,0,0,0,0,0,0,0,0,0,4,0,4,0,0,0,0,0,0,0
intl/icu/source/common/ustrcase.cpp,0,0,0,0,0,0,0,0,0,0,0,0,0,0,0,0,0,0,1,0,0
media/libjpeg/jquant2.c,0,0,0,0,0,0,0,0,0,0,0,0,0,0,0,0,0,0,0,0,0
media/webrtc/trunk/webrtc/modules/rtp_rtcp/source/rtp_sender.cc,0,0,0,0,0,0,0,0,0,0,0,0,0,0,0,0,0,0,0,0,0
media/webrtc/trunk/webrtc/modules/audio_processing/ns/noise_suppression.c,0,0,0,0,0,0,0,0,0,0,0,0,0,0,0,0,0,0,0,0,1
netwerk/cache2/CacheFileInputStream.cpp,2,0,0,0,0,0,0,0,0,0,0,0,0,0,0,0,0,0,0,0,0
layout/generic/nsLineLayout.cpp,2,0,0,0,0,0,0,0,0,0,0,0,0,0,0,0,0,0,0,0,0
toolkit/components/find/nsFindService.cpp,3,0,0,0,0,0,0,0,0,0,0,0,0,0,0,0,0,0,0,0,0
gfx/cairo/cairo/src/cairo-tee-surface.c,0,0,0,0,0,0,0,0,0,0,0,8,0,0,0,0,0,0,0,0,0
browser/components/dirprovider/DirectoryProvider.cpp,6,0,0,0,0,0,0,0,0,0,0,0,0,0,0,0,0,0,0,0,0
gfx/cairo/cairo/src/cairo-clip.c,0,0,0,0,0,0,0,0,0,0,0,9,0,0,0,0,0,0,0,0,0
dom/ipc/ContentChild.cpp,21,0,0,0,0,0,0,0,0,0,0,0,0,0,0,0,0,0,0,0,0
security/nss/cmd/modutil/pk11.c,0,0,1,0,0,0,0,0,0,0,0,0,0,0,0,0,0,0,0,0,0
xpcom/tests/TestCOMPtr.cpp,0,0,0,0,0,0,0,0,0,0,0,0,0,0,0,1,0,0,0,0,0
security/nss/lib/libpkix/pkix_pl_nss/pki/pkix_pl_crlentry.c,1,0,0,0,0,0,0,0,0,0,0,2,0,0,0,0,0,0,0,0,0
js/src/frontend/BytecodeEmitter.cpp,0,0,0,0,0,0,0,0,0,0,0,1,0,0,0,0,0,0,0,0,0
security/nss/lib/dbm/src/h_bigkey.c,0,0,0,0,0,0,0,0,0,0,0,2,0,0,0,0,0,0,0,0,0
xpcom/reflect/xptcall/md/unix/xptcinvoke_x86_64_unix.cpp,0,0,0,0,0,0,0,0,0,0,0,0,1,0,0,0,0,0,1,0,0
memory/jemalloc/src/src/jemalloc.c,0,0,0,0,0,0,0,0,0,0,0,1,0,0,0,0,0,0,0,0,0
media/libvpx/vp9/encoder/vp9_pickmode.c,0,0,0,0,0,0,0,0,0,0,0,0,0,0,0,0,0,0,0,0,0
extensions/spellcheck/hunspell/src/suggestmgr.cxx,0,0,0,0,0,0,0,0,0,0,0,1,0,0,0,0,0,0,0,0,0
webapprt/gtk/webapprt.cpp,0,0,0,0,0,2,0,0,0,0,0,0,0,0,0,0,0,0,0,0,0
js/src/vm/Compression.cpp,0,0,0,0,0,0,0,0,0,0,0,2,0,0,0,0,0,0,0,0,0
js/xpconnect/src/XPCComponents.cpp,7,0,0,0,0,0,0,0,0,0,0,0,0,0,0,0,0,0,0,0,0
ipc/chromium/src/base/message_pump_libevent.cc,0,0,0,0,0,0,0,0,0,0,0,0,0,0,0,0,0,0,0,0,0
gfx/cairo/cairo/src/cairo.c,0,0,0,0,0,0,0,0,0,0,0,4,0,0,0,0,0,0,0,0,0
intl/icu/source/i18n/ucurr.cpp,0,0,0,0,0,0,0,0,0,0,0,1,0,0,0,0,0,0,0,0,0
image/decoders/nsPNGDecoder.cpp,0,0,0,0,0,0,0,0,0,0,0,0,0,0,0,0,0,0,0,0,0
rdf/tests/rdfcat/rdfcat.cpp,3,0,0,0,0,0,0,0,0,0,0,0,0,0,0,0,0,0,0,0,0
security/nss/lib/freebl/pqg.c,0,0,0,0,0,0,0,0,0,0,0,1,0,0,0,0,0,0,0,0,0
media/libvpx/vp9/encoder/vp9_rd.c,0,0,0,0,0,0,1,0,0,0,0,0,0,0,0,0,0,0,0,0,0
intl/icu/source/common/uniset_props.cpp,0,0,0,0,0,0,0,0,0,0,0,1,0,0,0,0,0,0,0,0,0
editor/libeditor/nsHTMLDataTransfer.cpp,0,0,0,0,0,0,0,0,0,0,0,3,0,0,0,0,0,0,0,0,0
memory/jemalloc/src/src/prof.c,1,0,0,0,0,0,0,0,0,0,0,0,0,0,0,0,0,0,0,0,0
parser/html/nsHtml5StreamParser.cpp,0,0,0,0,0,0,0,0,0,0,0,1,0,0,0,0,0,0,0,0,0
security/nss/lib/jar/jarsign.c,0,0,0,0,0,0,0,0,0,0,0,2,0,0,0,0,0,0,0,0,0
toolkit/components/downloads/ApplicationReputation.cpp,0,0,0,0,0,0,0,0,0,0,0,2,0,0,0,0,0,0,0,0,0
layout/base/nsCSSRendering.cpp,0,0,0,0,0,0,0,0,0,0,0,3,0,0,0,0,0,0,0,0,0
layout/generic/nsSimplePageSequenceFrame.cpp,0,0,0,0,0,0,0,0,0,0,0,0,0,0,0,0,0,0,0,0,0
dom/base/nsContentSink.cpp,0,0,0,0,0,0,0,0,0,0,0,0,0,0,0,0,0,0,0,0,0
media/webrtc/signaling/src/peerconnection/PeerConnectionImpl.cpp,4,0,0,0,0,0,0,0,0,0,0,0,0,0,0,0,0,0,0,0,0
security/nss/lib/ssl/sslgathr.c,0,0,0,0,0,0,0,0,0,0,0,1,0,0,0,0,0,0,0,0,0
toolkit/components/osfile/NativeOSFileInternals.cpp,3,0,0,0,0,0,0,0,0,0,0,1,0,0,0,0,0,0,0,0,0
xpcom/build/XPCOMInit.cpp,0,0,0,0,0,0,0,0,0,0,0,1,0,0,0,0,0,0,0,0,0
media/libvpx/vp8/common/debugmodes.c,0,0,0,0,0,0,0,0,0,0,0,2,0,0,0,0,0,0,0,0,0
intl/icu/source/i18n/nfrs.cpp,0,0,0,0,0,0,0,0,0,0,0,0,0,0,0,0,0,0,0,0,0
media/libvpx/vp9/encoder/vp9_rdopt.c,0,0,0,0,0,0,0,0,0,0,0,0,0,0,0,0,0,0,1,0,0
intl/icu/source/common/ucnvbocu.cpp,0,0,0,0,0,0,0,0,0,0,0,3,0,0,0,0,0,0,0,0,0
layout/tables/nsTableRowGroupFrame.cpp,0,0,0,0,0,0,0,0,0,0,0,1,0,0,0,0,0,0,0,0,0
toolkit/components/jsdownloads/src/DownloadPlatform.cpp,3,0,0,0,0,0,0,0,0,0,0,0,0,0,0,0,0,0,0,0,0
intl/icu/source/i18n/rbnf.cpp,0,0,0,0,0,0,0,0,0,0,0,1,0,0,0,0,0,0,0,0,0
widget/gtk/gtk2drawing.c,0,0,0,0,0,0,0,0,0,0,0,1,0,0,0,0,0,0,0,0,0
security/nss/lib/pkcs7/secmime.c,0,0,0,0,0,0,0,0,0,0,0,2,0,0,0,0,0,0,0,0,0
toolkit/mozapps/update/updater/updater.cpp,0,0,0,0,0,0,0,0,0,0,0,1,0,0,3,0,0,0,0,0,0
toolkit/components/downloads/nsDownloadManager.cpp,0,0,0,0,0,0,0,0,0,0,0,1,0,0,0,0,0,0,0,0,0
xpcom/tests/TestCOMArray.cpp,5,0,0,0,0,0,0,0,0,0,0,0,0,0,0,0,0,0,0,0,0
netwerk/protocol/wyciwyg/WyciwygChannelChild.cpp,1,0,0,0,0,0,0,0,0,0,0,0,0,0,0,0,0,0,0,0,0
netwerk/cache2/CacheFile.cpp,12,0,0,0,0,0,0,0,0,0,0,0,0,0,0,0,0,0,0,0,0
netwerk/protocol/http/nsHttpConnectionMgr.cpp,0,0,0,0,0,0,0,0,0,0,0,1,0,0,0,0,0,0,0,0,0
memory/replace/logalloc/FdPrintf.cpp,1,0,0,0,0,0,0,0,0,0,0,0,0,0,0,0,0,0,0,0,0
dom/plugins/base/nsNPAPIPlugin.cpp,1,0,0,0,0,0,0,0,0,0,0,0,0,0,0,0,0,0,0,0,0
netwerk/base/src/Predictor.cpp,0,0,0,0,0,0,0,0,0,0,0,6,0,0,0,0,0,0,0,0,0
media/webrtc/trunk/webrtc/modules/video_coding/main/source/media_optimization.cc,0,0,0,0,0,0,0,0,0,0,0,1,0,0,0,0,0,0,0,0,0
security/nss/lib/pkcs7/certread.c,0,0,0,0,0,0,0,0,0,0,0,2,0,0,0,0,0,0,0,0,0
netwerk/cache2/CacheFileChunk.cpp,6,0,0,0,0,0,0,0,0,0,0,0,0,0,0,0,0,0,0,0,0
netwerk/sctp/src/netinet/sctp_auth.c,0,0,0,0,0,0,0,0,0,0,0,0,0,0,1,2,0,0,0,0,0
intl/icu/source/common/ucnvsel.cpp,0,0,0,0,0,0,0,0,0,0,0,0,0,0,0,0,0,0,0,0,0
gfx/ots/src/gasp.cc,0,0,0,0,0,0,0,0,0,0,0,0,0,0,0,1,0,0,0,0,0
media/webrtc/signaling/src/sipcc/core/common/prot_configmgr.c,0,0,0,0,0,0,0,0,0,0,0,1,0,0,0,0,0,0,0,0,0
security/nss/cmd/shlibsign/shlibsign.c,0,0,0,0,0,0,0,0,0,0,0,1,0,0,0,0,0,0,0,0,0
parser/htmlparser/CNavDTD.cpp,0,0,0,0,0,0,0,0,0,0,0,2,0,0,0,0,0,0,0,0,0
media/webrtc/trunk/webrtc/modules/audio_device/linux/audio_device_pulse_linux.cc,0,0,0,0,0,0,0,0,0,0,0,0,0,0,0,0,0,0,0,0,0
gfx/cairo/cairo/src/cairo-bentley-ottmann-rectangular.c,0,0,0,0,0,0,1,0,0,0,0,0,0,0,0,0,0,0,0,0,0
media/mtransport/third_party/nICEr/src/ice/ice_candidate_pair.c,0,0,0,0,0,0,0,0,0,0,0,3,0,0,0,0,0,0,0,0,0
widget/gtk/nsDragService.cpp,0,0,0,0,0,0,0,0,0,0,0,0,0,0,0,0,0,0,0,0,0
nsprpub/pr/src/io/pripv6.c,0,0,0,0,0,0,0,0,0,0,0,2,0,0,0,0,0,0,0,0,0
js/src/dtoa.c,0,0,0,0,0,0,0,0,0,0,0,1,0,0,0,0,0,0,0,0,0
editor/libeditor/nsHTMLEditor.cpp,0,0,0,0,0,0,0,0,0,0,0,3,0,0,0,0,0,0,0,0,0
netwerk/mime/nsMIMEHeaderParamImpl.cpp,3,0,0,0,0,0,0,0,0,0,0,1,0,0,0,0,0,0,0,0,0
dom/html/nsTextEditorState.cpp,0,0,0,0,0,0,0,0,0,0,0,0,0,0,0,0,0,0,0,0,0
dom/base/nsGlobalWindow.cpp,7,0,0,0,0,0,0,0,0,0,0,0,0,0,0,0,0,0,0,0,0
netwerk/dns/nsEffectiveTLDService.cpp,3,0,0,0,0,0,0,0,0,0,0,0,0,0,0,0,0,0,0,0,0
js/src/frontend/Parser.cpp,2,0,0,0,0,0,0,0,0,0,0,1,0,0,0,0,0,0,0,0,0
security/nss/lib/libpkix/pkix_pl_nss/system/pkix_pl_object.c,6,0,0,0,0,0,0,0,0,0,0,0,0,1,0,0,0,0,0,0,0
dom/plugins/base/nsPluginHost.cpp,1,0,0,0,0,0,0,0,0,0,0,2,0,0,0,0,0,0,0,0,0
dom/browser-element/BrowserElementParent.cpp,2,0,0,0,0,0,0,0,0,0,0,0,0,0,0,0,0,0,0,0,0
editor/txtsvc/nsTextServicesDocument.cpp,0,0,0,0,0,0,0,0,0,0,0,6,0,0,0,0,0,0,0,0,0
modules/libbz2/src/compress.c,0,0,0,0,0,0,0,0,0,0,0,1,0,1,0,0,0,0,1,0,0
ipc/chromium/src/third_party/libevent/evrpc.c,0,0,0,0,0,0,0,0,0,0,0,6,0,0,0,0,0,0,0,0,0
nsprpub/lib/libc/src/plvrsion.c,0,0,0,0,0,0,0,0,0,0,0,2,0,0,0,0,0,0,0,0,0
dom/xslt/xpath/txExprLexer.cpp,0,0,0,0,0,0,0,0,0,0,0,1,0,0,0,0,0,0,0,0,0
security/nss/lib/softoken/legacydb/lginit.c,0,0,0,0,0,0,0,0,0,0,0,1,0,0,0,0,0,0,0,0,0
dom/base/nsFocusManager.cpp,0,0,0,0,0,0,0,0,0,0,0,1,0,0,0,0,0,0,0,0,0
security/nss/lib/libpkix/pkix_pl_nss/module/pkix_pl_colcertstore.c,0,0,0,0,0,0,0,0,0,0,0,1,0,0,0,0,0,0,0,0,0
media/gmp-clearkey/0.1/ClearKeyUtils.cpp,0,0,0,0,0,0,0,0,0,0,0,1,0,0,0,0,0,0,0,0,0
js/src/jsapi-tests/testJitGVN.cpp,0,0,0,0,0,0,0,0,0,0,0,4,0,0,0,0,0,0,0,0,0
security/nss/lib/pk11wrap/pk11skey.c,0,0,0,0,0,0,0,0,0,0,0,1,0,0,0,0,0,0,0,0,0
media/libstagefright/frameworks/av/media/libstagefright/id3/ID3.cpp,0,0,0,0,0,0,0,0,0,0,0,0,0,0,0,0,0,0,0,0,0
modules/libpref/prefapi.cpp,2,0,0,0,0,0,0,0,0,0,0,0,0,0,0,0,0,0,0,0,0
intl/icu/source/common/udata.cpp,0,0,0,0,0,0,0,0,0,0,0,1,0,0,0,0,0,0,0,0,0
intl/icu/source/common/locdispnames.cpp,0,0,1,0,0,0,0,0,0,0,0,0,0,0,0,0,0,0,0,0,0
media/libsoundtouch/src/RateTransposer.cpp,0,0,0,0,0,0,0,0,0,0,0,1,0,0,0,0,0,0,0,0,0
gfx/ots/src/vorg.cc,0,0,0,0,0,0,0,0,0,0,0,0,0,0,0,2,0,0,0,0,0
security/nss/cmd/modutil/install-ds.c,0,0,0,0,0,0,0,0,0,0,0,1,0,0,0,0,0,0,0,0,0
media/libstagefright/system/core/liblog/logprint.c,0,0,0,0,0,0,0,0,0,0,0,5,0,0,0,0,0,0,0,0,0
editor/libeditor/InsertTextTxn.cpp,0,0,0,0,0,0,0,0,0,0,0,1,0,0,0,0,0,0,0,0,0
security/nss/lib/certdb/alg1485.c,1,0,0,0,0,0,0,0,0,0,0,0,0,0,0,0,0,0,0,0,0
media/webrtc/trunk/webrtc/modules/audio_processing/aec/aec_core.c,0,0,0,0,0,0,7,0,0,0,0,3,0,0,0,0,0,0,0,0,0
media/mtransport/third_party/nICEr/src/stun/stun_server_ctx.c,0,0,0,0,0,0,0,0,0,0,0,1,0,0,0,0,0,0,0,0,0
js/xpconnect/loader/mozJSComponentLoader.cpp,3,0,0,0,0,0,0,0,0,0,0,1,0,0,0,0,0,0,0,0,0
dom/base/nsFrameMessageManager.cpp,0,0,0,0,0,0,0,0,0,0,0,1,0,0,0,0,0,0,0,0,0
obj-x86_64-unknown-linux-gnu/dom/bindings/TestJSImplGenBinding.cpp,1,0,0,0,0,0,0,0,0,0,0,0,0,0,0,0,0,0,0,0,0
nsprpub/pr/src/md/unix/uxshm.c,0,0,0,0,0,0,0,0,0,0,0,1,0,0,0,0,0,0,0,0,0
toolkit/system/gnome/nsGIOService.cpp,7,0,0,0,0,0,0,0,0,0,0,0,0,0,0,0,0,0,0,0,0
xpcom/base/SystemMemoryReporter.cpp,0,0,0,0,0,0,0,0,0,0,0,0,0,0,0,0,0,0,0,0,0
security/nss/lib/certhigh/ocsp.c,2,0,0,0,0,0,0,0,0,0,0,2,0,0,0,0,0,0,0,0,0
security/nss/lib/freebl/mpi/mplogic.c,0,0,0,0,0,0,0,0,0,0,0,1,0,0,0,0,0,0,0,0,0
widget/tests/TestAppShellSteadyState.cpp,3,0,0,0,0,0,0,0,0,0,0,0,0,0,0,0,0,0,0,0,0
media/libvpx/vp8/encoder/picklpf.c,0,0,0,0,0,0,0,0,0,0,0,0,0,0,0,0,0,0,0,0,0
intl/icu/source/common/unames.cpp,0,0,0,0,0,0,0,0,0,0,0,0,0,1,0,0,0,0,2,0,0
toolkit/xre/nsUpdateDriver.cpp,0,0,0,0,0,0,0,0,0,0,0,5,0,0,0,0,0,0,0,0,0
media/webrtc/signaling/src/sipcc/core/sdp/sdp_main.c,0,0,0,0,0,0,0,0,0,0,0,6,0,0,0,0,0,0,0,0,0
xpcom/io/nsLocalFileUnix.cpp,0,0,0,0,0,0,0,0,0,0,0,0,0,0,0,0,0,0,0,0,0
js/src/jskwgen.cpp,0,0,0,0,0,0,0,0,0,0,0,0,0,0,0,0,0,0,2,0,0
dom/media/fmp4/MP4Reader.cpp,0,0,0,0,0,0,0,0,0,0,0,1,0,0,0,0,0,0,0,0,0
editor/libeditor/nsHTMLEditRules.cpp,0,0,0,0,0,0,0,0,0,0,0,15,0,0,0,0,0,0,0,0,0
rdf/base/nsRDFContentSink.cpp,0,0,0,0,0,0,0,0,0,0,0,8,0,0,0,0,0,0,0,0,0
security/nss/lib/ssl/sslcon.c,0,0,1,0,0,0,2,0,0,0,0,4,0,0,0,0,0,0,0,0,0
media/webrtc/signaling/src/sipcc/core/gsm/fsmcnf.c,0,0,0,0,0,0,0,0,0,0,0,0,0,0,0,0,0,0,0,0,0
security/manager/ssl/src/nsNSSVersion.cpp,3,0,0,0,0,0,0,0,0,0,0,0,0,0,0,0,0,0,0,0,0
security/nss/lib/smime/cmsdecode.c,0,0,1,0,0,0,0,0,0,0,0,0,0,0,0,0,0,0,0,0,0
media/libopus/celt/bands.c,0,0,0,0,0,0,0,0,0,0,0,0,0,0,0,0,0,0,2,0,0
layout/xul/nsSprocketLayout.cpp,0,0,0,0,0,0,0,0,0,0,0,2,0,0,0,0,0,0,0,0,0
toolkit/components/commandlines/nsCommandLine.cpp,3,0,0,0,0,0,0,0,0,0,0,0,0,0,0,0,0,0,0,0,0
testing/mochitest/ssltunnel/ssltunnel.cpp,0,0,1,0,0,0,1,0,0,0,0,0,0,0,0,0,0,0,0,0,0
netwerk/streamconv/src/nsStreamConverterService.cpp,3,0,0,0,0,0,0,0,0,0,0,1,0,0,0,0,0,0,0,0,0
intl/icu/source/common/ucnv_io.cpp,0,0,0,0,0,0,0,0,0,0,0,1,0,0,0,0,0,0,0,0,0
media/libjpeg/jcdctmgr.c,0,0,0,0,0,0,0,0,0,0,0,0,0,0,0,0,0,0,0,0,0
netwerk/cookie/nsCookieService.cpp,11,0,0,0,0,0,0,0,0,0,0,9,0,0,0,0,0,0,0,0,0
gfx/src/nsRegion.cpp,0,0,0,0,0,0,0,0,0,0,0,0,0,0,0,0,0,0,0,0,0
media/libopus/silk/encode_pulses.c,0,0,0,0,0,0,0,0,0,0,0,0,0,1,0,0,0,0,0,0,0
media/libopus/src/opus_encoder.c,0,0,0,0,0,0,0,0,0,0,0,3,0,2,0,0,0,0,1,0,0
media/webrtc/trunk/webrtc/modules/audio_processing/agc/digital_agc.c,0,0,0,0,0,0,0,0,0,0,0,0,0,0,0,0,0,0,0,0,0
security/nss/lib/dbm/src/h_page.c,1,0,0,0,0,0,0,0,0,0,0,1,0,0,0,0,0,0,0,0,0
gfx/skia/trunk/src/opts/SkBlitRect_opts_SSE2.cpp,0,0,0,0,0,0,0,0,0,0,0,0,0,0,0,0,0,0,0,0,0
obj-x86_64-unknown-linux-gnu/conftest.c,0,0,0,0,0,0,0,0,0,0,0,1,0,0,0,0,1,0,0,0,0
intl/icu/source/common/ucnv_bld.cpp,0,0,0,0,0,0,0,0,0,0,0,1,0,0,0,0,0,0,0,0,0
dom/base/nsCSPService.cpp,0,0,0,0,0,0,0,0,0,0,0,0,0,0,0,0,0,0,0,0,0
docshell/base/nsDocShell.cpp,0,0,0,0,0,0,0,0,0,0,0,7,0,0,0,0,0,0,0,0,0
nsprpub/pr/src/pthreads/ptthread.c,0,0,0,0,0,0,0,0,0,0,0,20,0,0,0,0,0,0,0,0,0
intl/icu/source/tools/ctestfw/ctest.c,0,0,0,0,0,0,0,0,0,0,0,1,0,0,0,0,0,0,0,0,0
security/nss/lib/smime/cmsdigest.c,1,0,0,0,0,0,0,0,0,0,0,0,0,0,0,0,1,0,0,0,0
gfx/skia/trunk/src/effects/SkBlurMask.cpp,0,0,0,0,0,0,0,0,0,0,0,4,0,0,0,0,0,0,0,0,0
ipc/chromium/src/third_party/libevent/evutil.c,0,0,0,0,0,0,0,0,0,0,0,2,0,1,0,0,0,0,0,0,0
media/libvpx/vp9/encoder/vp9_mbgraph.c,2,0,0,0,0,0,0,0,0,0,0,0,0,0,0,0,0,0,0,0,0
media/webrtc/signaling/src/sipcc/core/sipstack/ccsip_subsmanager.c,0,0,0,0,0,0,0,0,0,0,0,2,0,0,0,0,0,0,0,0,0
gfx/angle/src/compiler/translator/glslang_tab.cpp,0,0,0,0,0,0,0,0,0,0,0,1,0,0,0,0,0,0,0,0,0
netwerk/streamconv/converters/nsMultiMixedConv.cpp,0,0,0,0,0,0,0,0,0,0,0,0,0,0,0,0,0,0,0,0,0
intl/icu/source/common/uloc.cpp,0,0,0,0,0,0,0,0,0,0,0,0,0,0,0,0,0,0,0,0,0
media/webrtc/signaling/src/sipcc/core/ccapp/call_logger.c,0,0,0,0,0,0,0,0,0,0,0,0,0,0,0,0,0,0,0,0,0
media/webrtc/signaling/src/mediapipeline/SrtpFlow.cpp,1,0,0,0,0,0,0,0,0,0,0,0,0,0,0,0,0,0,0,0,0
security/nss/lib/util/utilpars.c,0,0,1,0,0,0,0,0,0,0,0,2,0,0,0,0,0,0,0,0,0
media/mtransport/third_party/nrappkit/src/log/r_log.c,0,0,0,0,0,0,0,0,0,0,0,1,0,0,0,0,0,0,0,0,0
toolkit/components/diskspacewatcher/DiskSpaceWatcher.cpp,2,0,0,0,0,0,0,0,0,0,0,0,0,0,0,0,0,0,0,0,0
media/webrtc/signaling/src/sipcc/core/sdp/sdp_attr.c,0,0,0,0,0,0,0,0,0,0,0,17,0,0,0,0,0,0,0,0,0
editor/libeditor/nsHTMLObjectResizer.cpp,0,0,0,0,0,0,0,0,0,0,0,2,0,0,0,0,0,0,0,0,0
gfx/cairo/cairo/src/cairo-user-font.c,0,0,0,0,0,0,0,0,0,0,0,1,0,0,0,0,0,0,0,0,0
media/libvpx/vp8/vp8_dx_iface.c,1,0,0,0,0,0,0,0,0,0,0,0,0,0,0,0,0,0,0,0,0
extensions/spellcheck/src/mozGenericWordUtils.cpp,3,0,0,0,0,0,0,0,0,0,0,0,0,0,0,0,0,0,0,0,0
media/libtheora/lib/decode.c,0,0,0,0,0,0,0,0,0,0,0,0,0,0,0,0,0,0,0,0,0
toolkit/components/remote/nsGTKRemoteService.cpp,3,0,0,0,0,0,0,0,0,0,0,0,0,0,0,0,0,0,0,0,0
intl/icu/source/i18n/ucal.cpp,0,0,0,0,0,0,0,0,0,0,0,1,0,0,0,0,0,0,0,0,0
media/webrtc/signaling/src/sipcc/core/ccapp/ccapi_snapshot.c,0,0,0,0,0,0,0,0,0,0,0,0,0,0,0,0,0,0,0,0,0
nsprpub/config/nsinstall.c,1,1,1,0,0,0,0,0,0,0,0,0,0,0,0,0,0,0,0,0,0
modules/libmar/tool/mar.c,0,0,0,0,0,0,0,0,0,0,0,2,0,0,0,0,0,0,0,0,0
intl/icu/source/tools/genrb/wrtjava.c,0,0,0,0,0,0,0,0,0,0,0,1,0,0,0,0,0,0,0,0,0
layout/mathml/nsMathMLmoFrame.cpp,0,0,0,0,0,0,0,0,0,0,0,0,0,0,0,0,0,0,0,0,0
toolkit/components/ctypes/ctypes.cpp,3,0,0,0,0,0,0,0,0,0,0,0,0,0,0,0,0,0,0,0,0
gfx/cairo/cairo/src/cairo-path-in-fill.c,0,0,0,0,0,0,0,0,0,0,0,1,0,0,0,0,0,0,0,0,0
security/nss/lib/softoken/legacydb/pk11db.c,0,0,0,0,0,0,0,0,0,0,0,0,0,0,0,0,0,0,0,0,0
security/nss/cmd/lib/secutil.c,0,0,0,0,0,0,0,0,0,0,0,12,0,0,0,0,0,0,0,0,0
intl/icu/source/tools/toolutil/uparse.c,0,0,0,0,0,0,0,0,0,0,0,2,0,0,0,0,0,0,0,0,0
gfx/cairo/cairo/src/cairo-surface-snapshot.c,0,0,0,0,0,0,0,0,0,0,0,2,0,0,0,0,0,0,0,0,0
js/src/jit/IonCaches.cpp,0,0,0,0,0,0,0,0,0,0,0,2,0,0,0,0,0,0,0,0,0
gfx/cairo/cairo/src/cairo-pattern.c,0,0,0,0,0,0,0,0,0,0,0,10,0,0,0,0,0,0,0,0,4
media/webrtc/trunk/webrtc/modules/media_file/source/media_file_utility.cc,0,0,0,0,0,0,0,0,0,0,0,3,0,0,0,0,0,0,0,0,0
toolkit/components/protobuf/google/protobuf/wire_format_lite.cc,0,0,0,0,0,0,0,0,0,0,0,0,0,0,0,0,0,0,0,0,0
netwerk/protocol/http/nsHttpChannel.cpp,0,0,0,0,0,0,0,0,0,0,0,1,0,0,0,0,0,0,0,0,0
extensions/spellcheck/src/mozSpellChecker.cpp,1,0,0,0,0,0,0,0,0,0,0,8,0,0,0,0,0,0,0,0,0
embedding/components/webbrowserpersist/nsWebBrowserPersist.cpp,6,0,0,0,0,0,0,0,0,0,0,4,0,0,0,0,0,0,0,0,0
security/nss/lib/util/secoid.c,0,0,0,0,0,0,0,0,0,0,0,1,0,0,0,0,0,0,0,0,0
security/manager/ssl/src/nsNTLMAuthModule.cpp,0,0,0,0,0,0,0,0,0,0,0,2,0,0,0,0,0,0,0,0,0
layout/mathml/nsMathMLmmultiscriptsFrame.cpp,0,0,0,0,0,0,0,0,0,0,0,1,0,0,0,0,0,0,0,0,0
extensions/spellcheck/hunspell/src/mozHunspell.cpp,2,0,0,0,0,0,0,0,0,0,0,2,0,0,0,0,0,0,0,0,0
netwerk/test/TestProtocols.cpp,14,0,0,0,0,0,0,0,0,0,0,0,0,0,0,0,0,0,0,0,0
js/xpconnect/loader/mozJSSubScriptLoader.cpp,3,0,0,0,0,0,0,0,0,0,0,0,0,0,0,0,0,0,0,0,0
gfx/skia/trunk/src/effects/SkCornerPathEffect.cpp,0,0,0,0,0,0,0,0,0,0,0,1,0,0,0,0,0,0,0,0,0
media/libvpx/vp8/encoder/rdopt.c,0,0,0,0,0,0,0,0,0,0,0,3,0,0,0,0,0,0,0,0,0
memory/jemalloc/src/src/util.c,0,0,0,0,0,0,0,0,0,0,0,0,0,0,0,0,0,0,0,0,0
config/pathsub.c,1,1,1,0,0,0,0,0,0,0,0,0,0,0,0,0,0,0,0,0,0
media/mtransport/stun_udp_socket_filter.cpp,8,0,0,0,0,0,0,0,0,0,0,0,0,0,0,0,0,0,0,0,0
intl/icu/source/common/usetiter.cpp,0,0,0,0,0,0,0,0,0,0,0,0,0,0,0,0,0,0,0,0,0
xpcom/tests/TestObserverService.cpp,3,0,0,0,0,0,0,0,0,0,0,0,0,0,0,0,0,0,0,0,0
security/nss/lib/libpkix/pkix_pl_nss/module/pkix_pl_socket.c,2,0,0,0,0,0,0,0,0,0,0,0,0,0,0,0,0,0,0,0,0
editor/libeditor/SetDocTitleTxn.cpp,0,0,0,0,0,0,0,0,0,0,0,0,0,0,0,0,0,0,0,0,0
intl/icu/source/common/uloc_tag.c,0,0,1,0,0,0,0,0,0,0,0,1,0,0,0,0,0,0,0,0,0
media/webrtc/trunk/webrtc/modules/audio_device/linux/audio_device_alsa_linux.cc,0,0,0,0,0,0,0,0,0,0,0,2,0,0,0,0,0,0,0,0,0
security/nss/lib/libpkix/pkix_pl_nss/module/pkix_pl_ldapdefaultclient.c,7,0,0,0,0,0,0,0,0,0,0,0,0,0,0,0,0,0,0,0,0
intl/icu/source/tools/makeconv/makeconv.c,0,0,0,0,0,0,0,0,0,0,0,1,0,0,0,0,0,0,0,0,0
dom/voicemail/ipc/VoicemailParent.cpp,3,0,0,0,0,0,0,0,0,0,0,0,0,0,0,0,0,0,0,0,0
ipc/chromium/src/third_party/libevent/evthread.c,1,0,0,0,0,0,0,0,0,0,0,0,0,0,0,0,0,0,0,0,0
media/webrtc/signaling/src/sipcc/core/common/config_parser.c,0,0,0,0,0,0,0,0,0,0,0,0,0,0,0,0,0,0,0,0,0
netwerk/base/src/nsAsyncRedirectVerifyHelper.cpp,0,0,0,0,0,0,0,0,0,0,0,1,0,0,0,0,0,0,0,0,0
dom/indexedDB/ActorsParent.cpp,32,0,0,0,0,0,0,0,0,0,0,0,0,0,0,0,0,0,0,0,0
intl/icu/source/i18n/dtptngen.cpp,0,0,0,0,0,0,0,0,0,0,0,1,0,0,0,0,0,0,0,0,0
toolkit/devtools/server/nsJSInspector.cpp,2,0,0,0,0,0,0,0,0,0,0,0,0,0,0,0,0,0,0,0,0
gfx/cairo/cairo/src/cairo-surface-wrapper.c,0,0,0,0,0,0,0,0,0,0,0,6,0,0,0,0,0,0,0,0,0
security/nss/lib/pkcs7/p7common.c,0,0,0,0,0,0,0,0,0,0,0,2,0,0,0,0,0,0,0,0,0
extensions/spellcheck/src/mozPersonalDictionary.cpp,1,0,0,0,0,0,0,0,0,0,0,0,0,0,0,0,0,0,0,0,0
security/nss/lib/pk11wrap/pk11slot.c,0,0,0,0,0,0,0,0,0,0,0,3,0,0,0,0,0,0,0,0,0
browser/components/about/AboutRedirector.cpp,3,0,0,0,0,0,0,0,0,0,0,0,0,0,0,0,0,0,0,0,0
media/webrtc/trunk/webrtc/modules/audio_processing/echo_cancellation_impl.cc,0,0,0,0,0,0,0,0,0,0,0,0,0,0,0,0,0,0,0,0,0
media/webrtc/trunk/webrtc/modules/audio_coding/neteq/recin.c,0,0,0,0,0,0,0,0,0,0,0,0,0,0,0,0,0,0,0,0,0
netwerk/sctp/src/netinet/sctp_asconf.c,0,0,1,0,0,0,0,0,0,0,0,0,0,0,2,0,0,0,0,0,0
js/src/jit/IonBuilder.cpp,0,0,0,0,0,0,0,0,0,0,0,1,0,0,0,0,0,0,0,0,0
toolkit/components/parentalcontrols/nsParentalControlsServiceDefault.cpp,3,0,0,0,0,0,0,0,0,0,0,0,0,0,0,0,0,0,0,0,0
dom/base/nsDOMWindowUtils.cpp,8,0,0,0,0,0,0,0,0,0,0,0,0,0,0,0,0,0,0,0,0
security/nss/lib/pkcs7/p7encode.c,2,0,0,0,0,0,0,0,0,0,0,1,0,0,0,0,0,0,0,0,0
netwerk/protocol/wyciwyg/nsWyciwygProtocolHandler.cpp,3,0,0,0,0,0,0,0,0,0,0,0,0,0,0,0,0,0,0,0,0
nsprpub/pr/src/prvrsion.c,0,0,0,0,0,0,0,0,0,0,0,2,0,0,0,0,0,0,0,0,0
storage/src/mozStorageConnection.cpp,0,0,0,0,0,0,0,0,0,0,0,2,0,0,0,0,0,0,0,0,0
netwerk/test/TestPageLoad.cpp,3,0,0,0,0,0,0,0,0,0,0,0,0,0,0,0,0,0,0,0,0
netwerk/cache/nsDiskCacheBlockFile.cpp,0,0,0,0,0,0,0,0,0,0,0,0,0,0,0,0,0,0,0,0,0
intl/icu/source/common/stringtriebuilder.cpp,0,0,0,0,0,0,0,0,0,0,0,0,0,0,0,0,0,0,1,0,0
intl/icu/source/i18n/tzfmt.cpp,0,0,0,0,0,0,0,0,0,0,0,1,0,1,0,0,0,0,0,0,0
media/libstagefright/system/core/libutils/String8.cpp,2,0,0,0,0,0,0,0,0,0,0,0,0,0,0,0,0,0,0,0,0
intl/icu/source/common/ucnvscsu.c,0,0,0,0,0,0,0,0,0,0,0,2,0,0,0,0,0,0,1,0,0
intl/icu/source/common/utrie2.cpp,1,0,0,0,0,0,0,0,0,0,0,0,0,0,0,0,0,0,0,0,0
netwerk/streamconv/converters/nsTXTToHTMLConv.cpp,0,0,0,0,0,0,0,0,0,0,0,1,0,0,0,0,0,0,0,0,0
media/mtransport/third_party/nICEr/src/stun/stun_client_ctx.c,0,0,0,0,0,0,0,0,0,0,0,1,0,0,0,0,0,0,0,0,0
intl/icu/source/i18n/calendar.cpp,0,0,0,0,0,0,0,0,0,0,0,0,0,0,0,0,0,0,0,0,0
media/webrtc/trunk/webrtc/modules/audio_processing/aecm/aecm_core.c,0,0,0,0,0,0,5,0,0,0,0,1,0,0,0,0,0,0,0,0,0
security/nss/lib/libpkix/pkix/util/pkix_logger.c,0,0,0,0,0,0,0,0,0,0,0,5,0,0,0,0,0,0,0,0,0
netwerk/sctp/src/netinet/sctp_input.c,2,0,0,0,0,0,0,0,0,0,0,0,0,0,0,0,0,0,0,0,0
media/libstagefright/system/core/liblog/fake_log_device.c,0,0,0,0,0,0,0,0,0,0,0,1,0,0,0,0,0,0,0,0,0
security/nss/lib/certhigh/certhigh.c,1,0,0,0,0,0,0,0,0,0,0,1,0,0,0,0,0,0,0,0,0
intl/unicharutil/nsSaveAsCharset.cpp,0,0,0,0,0,0,0,0,0,0,0,1,0,0,0,0,0,0,0,0,0
layout/mathml/nsMathMLOperators.cpp,0,0,0,0,0,0,0,0,0,0,0,0,0,0,0,0,0,0,0,0,0
media/webrtc/signaling/src/sipcc/core/gsm/fsmxfr.c,0,0,0,0,0,0,0,0,0,0,0,1,0,0,0,0,0,0,0,0,0
netwerk/sctp/datachannel/DataChannel.cpp,11,0,0,0,0,0,0,0,0,0,0,0,0,0,0,0,0,0,0,0,0
js/xpconnect/src/XPCWrappedNative.cpp,0,0,0,0,0,0,0,0,0,0,0,2,0,0,0,0,0,0,0,0,0
gfx/angle/src/compiler/preprocessor/ExpressionParser.cpp,0,0,0,0,0,0,0,0,0,0,0,1,0,0,0,0,0,0,0,0,0
security/nss/lib/smime/cmsrecinfo.c,0,0,0,0,0,0,0,0,0,0,0,8,0,0,0,0,0,0,0,0,0
intl/icu/source/i18n/msgfmt.cpp,1,0,0,0,0,0,0,0,0,0,0,0,0,0,0,0,0,0,0,0,0
intl/icu/source/tools/genrb/parse.cpp,1,0,0,0,0,0,0,0,0,0,0,4,0,0,0,0,0,0,0,0,0
gfx/cairo/cairo/src/cairo-path-bounds.c,0,0,0,0,0,0,0,0,0,0,0,4,0,0,0,0,0,0,0,0,0
security/nss/lib/libpkix/pkix_pl_nss/module/pkix_pl_ldaprequest.c,0,0,0,0,0,0,0,0,0,0,0,1,0,0,0,0,0,0,0,0,0
security/nss/lib/pk11wrap/pk11load.c,0,0,0,0,0,0,0,0,0,0,0,0,0,0,0,0,0,0,0,0,0
media/webrtc/signaling/src/sipcc/core/ccapp/ccprovider.c,0,0,0,0,0,0,0,0,0,0,0,0,0,0,0,0,0,0,0,0,0
intl/locale/unix/nsUNIXCharset.cpp,3,0,0,0,0,0,0,0,0,0,0,0,0,0,0,0,0,0,0,0,0
gfx/cairo/cairo/src/cairo-image-surface.c,0,0,0,0,0,0,0,0,0,0,0,4,0,0,0,0,0,0,0,0,0
media/libstagefright/binding/MoofParser.cpp,0,0,0,0,0,0,0,0,0,0,0,0,0,0,0,0,0,0,0,0,0
parser/htmlparser/nsScanner.cpp,0,0,0,0,0,0,0,0,0,0,0,1,0,0,0,0,0,0,0,0,0
netwerk/base/src/nsSocketTransport2.cpp,0,0,0,0,0,0,0,0,0,0,0,1,0,0,0,0,0,0,0,0,0
dom/plugins/test/testplugin/nptest.cpp,0,0,0,0,0,0,0,0,0,0,0,3,0,0,0,0,0,0,0,0,0
uriloader/exthandler/nsExternalHelperAppService.cpp,0,0,0,0,0,0,0,0,0,0,0,1,0,0,0,0,0,0,0,0,0
security/nss/lib/pk11wrap/pk11cxt.c,0,0,0,0,0,0,0,0,0,0,0,2,0,0,0,0,0,0,0,0,0
editor/libeditor/nsTableEditor.cpp,0,0,0,0,0,0,0,0,0,0,0,1,0,0,0,0,0,0,0,0,0
